Image Index,Pathology,True Label,Prediction Score
00000023_004.png,Atelectasis,0,0.5058828592300415
00000023_004.png,Consolidation,0,0.5029364824295044
00000023_004.png,Infiltration,1,0.4981081485748291
00000023_004.png,Pneumothorax,0,0.3649102449417114
00000023_004.png,Edema,0,0.007306018378585577
00000023_004.png,Emphysema,0,0.5009257197380066
00000023_004.png,Fibrosis,0,0.5134464502334595
00000023_004.png,Effusion,0,0.3158664107322693
00000023_004.png,Pneumonia,0,0.007191638462245464
00000023_004.png,Pleural_Thickening,0,0.5118752717971802
00000023_004.png,Cardiomegaly,0,0.03328411653637886
00000023_004.png,Nodule,1,0.5049188733100891
00000023_004.png,Mass,1,0.518146812915802
00000023_004.png,Hernia,0,0.507482647895813
00000248_002.png,Atelectasis,0,0.5618551969528198
00000248_002.png,Consolidation,0,0.5327747464179993
00000248_002.png,Infiltration,0,0.5729809403419495
00000248_002.png,Pneumothorax,0,0.5164728760719299
00000248_002.png,Edema,0,0.5030032396316528
00000248_002.png,Emphysema,1,0.5108175873756409
00000248_002.png,Fibrosis,0,0.5614640712738037
00000248_002.png,Effusion,0,0.5197964906692505
00000248_002.png,Pneumonia,0,0.48673295974731445
00000248_002.png,Pleural_Thickening,0,0.5578376650810242
00000248_002.png,Cardiomegaly,0,0.37007978558540344
00000248_002.png,Nodule,0,0.5300573110580444
00000248_002.png,Mass,0,0.6275584697723389
00000248_002.png,Hernia,0,0.07761377841234207
00000376_004.png,Atelectasis,0,0.17085489630699158
00000376_004.png,Consolidation,0,0.28614622354507446
00000376_004.png,Infiltration,0,0.5381977558135986
00000376_004.png,Pneumothorax,0,0.3465420603752136
00000376_004.png,Edema,0,0.007065659388899803
00000376_004.png,Emphysema,0,0.5003819465637207
00000376_004.png,Fibrosis,0,0.5183799266815186
00000376_004.png,Effusion,0,0.09360744059085846
00000376_004.png,Pneumonia,0,0.060822274535894394
00000376_004.png,Pleural_Thickening,0,0.5020365715026855
00000376_004.png,Cardiomegaly,0,0.018354514613747597
00000376_004.png,Nodule,0,0.5141099095344543
00000376_004.png,Mass,0,0.5325451493263245
00000376_004.png,Hernia,0,0.0029872937593609095
00000766_007.png,Atelectasis,0,0.5732530355453491
00000766_007.png,Consolidation,0,0.543906569480896
00000766_007.png,Infiltration,0,0.5730051398277283
00000766_007.png,Pneumothorax,0,0.5186320543289185
00000766_007.png,Edema,1,0.5013159513473511
00000766_007.png,Emphysema,0,0.5017194151878357
00000766_007.png,Fibrosis,0,0.5227615833282471
00000766_007.png,Effusion,1,0.7261546850204468
00000766_007.png,Pneumonia,1,0.4295010268688202
00000766_007.png,Pleural_Thickening,0,0.5301202535629272
00000766_007.png,Cardiomegaly,0,0.5127465724945068
00000766_007.png,Nodule,1,0.5062035322189331
00000766_007.png,Mass,0,0.5551249980926514
00000766_007.png,Hernia,0,0.08735944330692291
00000766_010.png,Atelectasis,0,0.5654737949371338
00000766_010.png,Consolidation,0,0.5295215845108032
00000766_010.png,Infiltration,0,0.6168416738510132
00000766_010.png,Pneumothorax,0,0.5081635117530823
00000766_010.png,Edema,0,0.5192559361457825
00000766_010.png,Emphysema,0,0.5046349763870239
00000766_010.png,Fibrosis,0,0.5555837154388428
00000766_010.png,Effusion,1,0.5808955430984497
00000766_010.png,Pneumonia,1,0.6074337959289551
00000766_010.png,Pleural_Thickening,0,0.5295135974884033
00000766_010.png,Cardiomegaly,0,0.3171530067920685
00000766_010.png,Nodule,0,0.5130859613418579
00000766_010.png,Mass,0,0.5412415266036987
00000766_010.png,Hernia,0,0.21458104252815247
00000766_017.png,Atelectasis,0,0.5441049337387085
00000766_017.png,Consolidation,0,0.5850352644920349
00000766_017.png,Infiltration,0,0.6652002334594727
00000766_017.png,Pneumothorax,0,0.5129045844078064
00000766_017.png,Edema,1,0.5191628336906433
00000766_017.png,Emphysema,0,0.5064834952354431
00000766_017.png,Fibrosis,0,0.5421345233917236
00000766_017.png,Effusion,1,0.7143311500549316
00000766_017.png,Pneumonia,1,0.7344373464584351
00000766_017.png,Pleural_Thickening,0,0.5557096004486084
00000766_017.png,Cardiomegaly,0,0.32497507333755493
00000766_017.png,Nodule,0,0.5371986627578735
00000766_017.png,Mass,0,0.627976655960083
00000766_017.png,Hernia,0,0.017636379227042198
00001200_005.png,Atelectasis,0,0.2092357575893402
00001200_005.png,Consolidation,0,0.5076695680618286
00001200_005.png,Infiltration,0,0.27886590361595154
00001200_005.png,Pneumothorax,0,0.2399415671825409
00001200_005.png,Edema,0,0.014700251631438732
00001200_005.png,Emphysema,0,0.09011265635490417
00001200_005.png,Fibrosis,0,0.17810973525047302
00001200_005.png,Effusion,0,0.07822170108556747
00001200_005.png,Pneumonia,0,0.06437560170888901
00001200_005.png,Pleural_Thickening,0,0.13901737332344055
00001200_005.png,Cardiomegaly,0,0.009506743401288986
00001200_005.png,Nodule,0,0.5031930208206177
00001200_005.png,Mass,0,0.5142713189125061
00001200_005.png,Hernia,0,0.006027645897120237
00001200_013.png,Atelectasis,0,0.5528038740158081
00001200_013.png,Consolidation,0,0.5402997732162476
00001200_013.png,Infiltration,1,0.5665334463119507
00001200_013.png,Pneumothorax,0,0.5052720308303833
00001200_013.png,Edema,1,0.5175716280937195
00001200_013.png,Emphysema,0,0.5070715546607971
00001200_013.png,Fibrosis,0,0.15436100959777832
00001200_013.png,Effusion,1,0.48245206475257874
00001200_013.png,Pneumonia,0,0.8078237771987915
00001200_013.png,Pleural_Thickening,0,0.2633723318576813
00001200_013.png,Cardiomegaly,0,0.10695414990186691
00001200_013.png,Nodule,0,0.5142254829406738
00001200_013.png,Mass,0,0.5074536800384521
00001200_013.png,Hernia,0,0.01732814498245716
00001244_000.png,Atelectasis,0,0.278803288936615
00001244_000.png,Consolidation,0,0.09225812554359436
00001244_000.png,Infiltration,0,0.25723305344581604
00001244_000.png,Pneumothorax,0,0.027312833815813065
00001244_000.png,Edema,0,0.001377131207846105
00001244_000.png,Emphysema,0,0.500803530216217
00001244_000.png,Fibrosis,0,0.5013229846954346
00001244_000.png,Effusion,0,0.025182394310832024
00001244_000.png,Pneumonia,0,0.0007097480120137334
00001244_000.png,Pleural_Thickening,0,0.06686443835496902
00001244_000.png,Cardiomegaly,0,0.013765237294137478
00001244_000.png,Nodule,0,0.453993558883667
00001244_000.png,Mass,0,0.3250541090965271
00001244_000.png,Hernia,0,0.13432742655277252
00001285_001.png,Atelectasis,0,0.5111039280891418
00001285_001.png,Consolidation,0,0.5104581117630005
00001285_001.png,Infiltration,1,0.5160846710205078
00001285_001.png,Pneumothorax,0,0.5069364309310913
00001285_001.png,Edema,1,0.5008629560470581
00001285_001.png,Emphysema,0,0.5037428140640259
00001285_001.png,Fibrosis,0,0.5079491138458252
00001285_001.png,Effusion,0,0.4054567515850067
00001285_001.png,Pneumonia,1,0.25867760181427
00001285_001.png,Pleural_Thickening,0,0.5055698156356812
00001285_001.png,Cardiomegaly,0,0.25367650389671326
00001285_001.png,Nodule,0,0.5094653367996216
00001285_001.png,Mass,0,0.5523660182952881
00001285_001.png,Hernia,0,0.1303165853023529
00001285_002.png,Atelectasis,0,0.5090100169181824
00001285_002.png,Consolidation,0,0.5052080154418945
00001285_002.png,Infiltration,1,0.5194560289382935
00001285_002.png,Pneumothorax,0,0.5155634880065918
00001285_002.png,Edema,1,0.5012843608856201
00001285_002.png,Emphysema,0,0.5099239349365234
00001285_002.png,Fibrosis,0,0.5190297365188599
00001285_002.png,Effusion,0,0.2525416314601898
00001285_002.png,Pneumonia,1,0.5147223472595215
00001285_002.png,Pleural_Thickening,0,0.5217052698135376
00001285_002.png,Cardiomegaly,0,0.3061346113681793
00001285_002.png,Nodule,0,0.5392556190490723
00001285_002.png,Mass,0,0.5459303855895996
00001285_002.png,Hernia,0,0.053437914699316025
00001529_004.png,Atelectasis,0,0.5153408050537109
00001529_004.png,Consolidation,1,0.22398152947425842
00001529_004.png,Infiltration,1,0.5159547328948975
00001529_004.png,Pneumothorax,0,0.18611662089824677
00001529_004.png,Edema,0,0.003238195786252618
00001529_004.png,Emphysema,0,0.04462356120347977
00001529_004.png,Fibrosis,0,0.5344591736793518
00001529_004.png,Effusion,0,0.1393662542104721
00001529_004.png,Pneumonia,1,0.021975025534629822
00001529_004.png,Pleural_Thickening,0,0.5112590789794922
00001529_004.png,Cardiomegaly,0,0.007563141640275717
00001529_004.png,Nodule,0,0.4318017065525055
00001529_004.png,Mass,0,0.48822471499443054
00001529_004.png,Hernia,0,0.03551897034049034
00001529_005.png,Atelectasis,0,0.3674244284629822
00001529_005.png,Consolidation,0,0.12833088636398315
00001529_005.png,Infiltration,0,0.5241590738296509
00001529_005.png,Pneumothorax,0,0.09915174543857574
00001529_005.png,Edema,0,0.0027122946921736
00001529_005.png,Emphysema,0,0.0569014698266983
00001529_005.png,Fibrosis,0,0.512464702129364
00001529_005.png,Effusion,0,0.05988003686070442
00001529_005.png,Pneumonia,1,0.022312570363283157
00001529_005.png,Pleural_Thickening,0,0.28670525550842285
00001529_005.png,Cardiomegaly,0,0.011850445531308651
00001529_005.png,Nodule,0,0.41147780418395996
00001529_005.png,Mass,0,0.3151128888130188
00001529_005.png,Hernia,0,0.003153983736410737
00001616_006.png,Atelectasis,1,0.7098256349563599
00001616_006.png,Consolidation,1,0.5336556434631348
00001616_006.png,Infiltration,1,0.5406172275543213
00001616_006.png,Pneumothorax,0,0.501734733581543
00001616_006.png,Edema,0,0.047082360833883286
00001616_006.png,Emphysema,0,0.051797181367874146
00001616_006.png,Fibrosis,0,0.5145267248153687
00001616_006.png,Effusion,1,0.8192553520202637
00001616_006.png,Pneumonia,0,0.2395065575838089
00001616_006.png,Pleural_Thickening,0,0.5210328102111816
00001616_006.png,Cardiomegaly,0,0.2646212875843048
00001616_006.png,Nodule,0,0.5065714120864868
00001616_006.png,Mass,0,0.5246061086654663
00001616_006.png,Hernia,0,0.09156239777803421
00001814_002.png,Atelectasis,0,0.19901274144649506
00001814_002.png,Consolidation,1,0.5603203773498535
00001814_002.png,Infiltration,1,0.7383723258972168
00001814_002.png,Pneumothorax,0,0.5071210265159607
00001814_002.png,Edema,0,0.5140256881713867
00001814_002.png,Emphysema,0,0.5017077922821045
00001814_002.png,Fibrosis,1,0.5883939862251282
00001814_002.png,Effusion,0,0.5062658786773682
00001814_002.png,Pneumonia,0,0.5762644410133362
00001814_002.png,Pleural_Thickening,0,0.5503625273704529
00001814_002.png,Cardiomegaly,0,0.15988285839557648
00001814_002.png,Nodule,0,0.5606364011764526
00001814_002.png,Mass,0,0.5563366413116455
00001814_002.png,Hernia,0,0.0025119069032371044
00001933_000.png,Atelectasis,0,0.22946882247924805
00001933_000.png,Consolidation,1,0.5996906757354736
00001933_000.png,Infiltration,0,0.6297347545623779
00001933_000.png,Pneumothorax,0,0.512579619884491
00001933_000.png,Edema,0,0.0006117285811342299
00001933_000.png,Emphysema,0,0.0646030530333519
00001933_000.png,Fibrosis,0,0.2824564576148987
00001933_000.png,Effusion,0,0.39873790740966797
00001933_000.png,Pneumonia,1,0.5603195428848267
00001933_000.png,Pleural_Thickening,0,0.504483699798584
00001933_000.png,Cardiomegaly,0,0.0024692644365131855
00001933_000.png,Nodule,0,0.25467661023139954
00001933_000.png,Mass,0,0.2967750132083893
00001933_000.png,Hernia,0,0.007168860640376806
00001934_003.png,Atelectasis,0,0.010457175783813
00001934_003.png,Consolidation,0,0.027220722287893295
00001934_003.png,Infiltration,0,0.48093536496162415
00001934_003.png,Pneumothorax,0,0.04417462274432182
00001934_003.png,Edema,0,5.6255357776535675e-05
00001934_003.png,Emphysema,0,0.08063959330320358
00001934_003.png,Fibrosis,0,0.49368661642074585
00001934_003.png,Effusion,0,0.0032067589927464724
00001934_003.png,Pneumonia,0,0.0008248312515206635
00001934_003.png,Pleural_Thickening,0,0.1558602750301361
00001934_003.png,Cardiomegaly,0,0.00022435988648794591
00001934_003.png,Nodule,0,0.1859959065914154
00001934_003.png,Mass,0,0.0489296019077301
00001934_003.png,Hernia,0,0.002251960337162018
00002227_005.png,Atelectasis,0,0.5367692112922668
00002227_005.png,Consolidation,0,0.5030605792999268
00002227_005.png,Infiltration,1,0.5073599219322205
00002227_005.png,Pneumothorax,0,0.5037841796875
00002227_005.png,Edema,1,0.005744786001741886
00002227_005.png,Emphysema,0,0.5039417743682861
00002227_005.png,Fibrosis,0,0.5320743322372437
00002227_005.png,Effusion,1,0.5939815044403076
00002227_005.png,Pneumonia,0,0.002458310918882489
00002227_005.png,Pleural_Thickening,0,0.5074121952056885
00002227_005.png,Cardiomegaly,0,0.024826200678944588
00002227_005.png,Nodule,0,0.5159443616867065
00002227_005.png,Mass,1,0.5375394821166992
00002227_005.png,Hernia,0,0.16097331047058105
00002250_000.png,Atelectasis,0,0.08837924152612686
00002250_000.png,Consolidation,0,0.08506818860769272
00002250_000.png,Infiltration,0,0.31205567717552185
00002250_000.png,Pneumothorax,0,0.17506907880306244
00002250_000.png,Edema,0,0.038406919687986374
00002250_000.png,Emphysema,0,0.2369908094406128
00002250_000.png,Fibrosis,0,0.2930135726928711
00002250_000.png,Effusion,0,0.043739188462495804
00002250_000.png,Pneumonia,0,0.0019847487565129995
00002250_000.png,Pleural_Thickening,0,0.09009351581335068
00002250_000.png,Cardiomegaly,0,0.13571839034557343
00002250_000.png,Nodule,0,0.44061189889907837
00002250_000.png,Mass,0,0.264218270778656
00002250_000.png,Hernia,0,0.001264180988073349
00002343_003.png,Atelectasis,0,0.5074312090873718
00002343_003.png,Consolidation,0,0.238041490316391
00002343_003.png,Infiltration,0,0.5299743413925171
00002343_003.png,Pneumothorax,0,0.5023320913314819
00002343_003.png,Edema,0,0.005465144757181406
00002343_003.png,Emphysema,0,0.32914426922798157
00002343_003.png,Fibrosis,0,0.5554211139678955
00002343_003.png,Effusion,1,0.319795697927475
00002343_003.png,Pneumonia,1,0.020955147221684456
00002343_003.png,Pleural_Thickening,0,0.5302162170410156
00002343_003.png,Cardiomegaly,0,0.004141659010201693
00002343_003.png,Nodule,0,0.5085043907165527
00002343_003.png,Mass,0,0.5030138492584229
00002343_003.png,Hernia,0,0.006361512932926416
00002355_008.png,Atelectasis,0,0.29670026898384094
00002355_008.png,Consolidation,0,0.20711742341518402
00002355_008.png,Infiltration,0,0.5091260671615601
00002355_008.png,Pneumothorax,0,0.500412106513977
00002355_008.png,Edema,0,0.0010283761657774448
00002355_008.png,Emphysema,0,0.511030912399292
00002355_008.png,Fibrosis,0,0.5478897094726562
00002355_008.png,Effusion,0,0.18981777131557465
00002355_008.png,Pneumonia,0,0.0010021948255598545
00002355_008.png,Pleural_Thickening,0,0.510619044303894
00002355_008.png,Cardiomegaly,0,0.0051694512367248535
00002355_008.png,Nodule,0,0.5047430992126465
00002355_008.png,Mass,0,0.5108195543289185
00002355_008.png,Hernia,0,0.07379153370857239
00002360_001.png,Atelectasis,0,0.058643683791160583
00002360_001.png,Consolidation,0,0.04906928539276123
00002360_001.png,Infiltration,0,0.1536487489938736
00002360_001.png,Pneumothorax,0,0.040212441235780716
00002360_001.png,Edema,0,0.0010822858894243836
00002360_001.png,Emphysema,0,0.30401214957237244
00002360_001.png,Fibrosis,0,0.2745283246040344
00002360_001.png,Effusion,0,0.056063536554574966
00002360_001.png,Pneumonia,0,0.00029428224661387503
00002360_001.png,Pleural_Thickening,0,0.04526400938630104
00002360_001.png,Cardiomegaly,0,0.10339053720235825
00002360_001.png,Nodule,1,0.17515146732330322
00002360_001.png,Mass,0,0.16193214058876038
00002360_001.png,Hernia,0,0.005337851587682962
00002360_002.png,Atelectasis,0,0.0873052328824997
00002360_002.png,Consolidation,0,0.06329268962144852
00002360_002.png,Infiltration,0,0.23540624976158142
00002360_002.png,Pneumothorax,0,0.04403354227542877
00002360_002.png,Edema,0,0.0004500059294514358
00002360_002.png,Emphysema,0,0.11018411070108414
00002360_002.png,Fibrosis,0,0.5006429553031921
00002360_002.png,Effusion,0,0.019125906750559807
00002360_002.png,Pneumonia,1,0.0004743956960737705
00002360_002.png,Pleural_Thickening,0,0.05855356901884079
00002360_002.png,Cardiomegaly,0,0.009379704482853413
00002360_002.png,Nodule,0,0.3322141170501709
00002360_002.png,Mass,0,0.230295792222023
00002360_002.png,Hernia,0,0.0044281804002821445
00002365_001.png,Atelectasis,0,0.5097858905792236
00002365_001.png,Consolidation,0,0.2635863721370697
00002365_001.png,Infiltration,0,0.3767796754837036
00002365_001.png,Pneumothorax,0,0.21132825314998627
00002365_001.png,Edema,0,0.004517711699008942
00002365_001.png,Emphysema,0,0.5056978464126587
00002365_001.png,Fibrosis,0,0.5589742660522461
00002365_001.png,Effusion,0,0.15293622016906738
00002365_001.png,Pneumonia,0,0.0015841851709410548
00002365_001.png,Pleural_Thickening,0,0.5173367261886597
00002365_001.png,Cardiomegaly,0,0.10311359912157059
00002365_001.png,Nodule,0,0.5079164505004883
00002365_001.png,Mass,0,0.516048789024353
00002365_001.png,Hernia,0,0.441205233335495
00002411_000.png,Atelectasis,0,0.04387803375720978
00002411_000.png,Consolidation,0,0.0856369137763977
00002411_000.png,Infiltration,0,0.5594451427459717
00002411_000.png,Pneumothorax,0,0.06023896113038063
00002411_000.png,Edema,0,0.0008205033955164254
00002411_000.png,Emphysema,0,0.012520894408226013
00002411_000.png,Fibrosis,0,0.06760519742965698
00002411_000.png,Effusion,0,0.01904383674263954
00002411_000.png,Pneumonia,0,0.0015248697018250823
00002411_000.png,Pleural_Thickening,0,0.0964367538690567
00002411_000.png,Cardiomegaly,0,0.0011004749685525894
00002411_000.png,Nodule,0,0.26247361302375793
00002411_000.png,Mass,0,0.2906962037086487
00002411_000.png,Hernia,0,0.0018240312347188592
00002673_009.png,Atelectasis,0,0.5264761447906494
00002673_009.png,Consolidation,0,0.5815858840942383
00002673_009.png,Infiltration,0,0.5410207509994507
00002673_009.png,Pneumothorax,0,0.5320708751678467
00002673_009.png,Edema,0,0.2531607449054718
00002673_009.png,Emphysema,1,0.5047639012336731
00002673_009.png,Fibrosis,0,0.5164101123809814
00002673_009.png,Effusion,0,0.6388685703277588
00002673_009.png,Pneumonia,0,0.19015628099441528
00002673_009.png,Pleural_Thickening,0,0.5432519316673279
00002673_009.png,Cardiomegaly,0,0.045385606586933136
00002673_009.png,Nodule,0,0.5188096761703491
00002673_009.png,Mass,0,0.6962717771530151
00002673_009.png,Hernia,0,0.004074065014719963
00002883_004.png,Atelectasis,0,0.06941670179367065
00002883_004.png,Consolidation,0,0.11028863489627838
00002883_004.png,Infiltration,0,0.5165194272994995
00002883_004.png,Pneumothorax,0,0.2538597881793976
00002883_004.png,Edema,0,0.0015689933206886053
00002883_004.png,Emphysema,0,0.5011827349662781
00002883_004.png,Fibrosis,0,0.5187219977378845
00002883_004.png,Effusion,0,0.05544489249587059
00002883_004.png,Pneumonia,0,0.00925847515463829
00002883_004.png,Pleural_Thickening,0,0.5050297975540161
00002883_004.png,Cardiomegaly,0,0.006319535430520773
00002883_004.png,Nodule,0,0.36933815479278564
00002883_004.png,Mass,0,0.33492398262023926
00002883_004.png,Hernia,0,0.004984155297279358
00003029_007.png,Atelectasis,0,0.16240458190441132
00003029_007.png,Consolidation,0,0.12381333857774734
00003029_007.png,Infiltration,0,0.18224789202213287
00003029_007.png,Pneumothorax,0,0.24618352949619293
00003029_007.png,Edema,0,0.018849341198801994
00003029_007.png,Emphysema,0,0.502031147480011
00003029_007.png,Fibrosis,0,0.25714418292045593
00003029_007.png,Effusion,0,0.03209361061453819
00003029_007.png,Pneumonia,0,0.005140936002135277
00003029_007.png,Pleural_Thickening,0,0.09358406066894531
00003029_007.png,Cardiomegaly,0,0.09062668681144714
00003029_007.png,Nodule,0,0.39337679743766785
00003029_007.png,Mass,0,0.4581555724143982
00003029_007.png,Hernia,1,0.016453562304377556
00003426_025.png,Atelectasis,0,0.5286107063293457
00003426_025.png,Consolidation,1,0.5439023971557617
00003426_025.png,Infiltration,0,0.5236948728561401
00003426_025.png,Pneumothorax,0,0.5108731985092163
00003426_025.png,Edema,0,0.08489697426557541
00003426_025.png,Emphysema,0,0.5053229331970215
00003426_025.png,Fibrosis,0,0.521905243396759
00003426_025.png,Effusion,0,0.6356128454208374
00003426_025.png,Pneumonia,0,0.3351438343524933
00003426_025.png,Pleural_Thickening,0,0.5127360224723816
00003426_025.png,Cardiomegaly,0,0.03165152668952942
00003426_025.png,Nodule,0,0.512346088886261
00003426_025.png,Mass,0,0.6320885419845581
00003426_025.png,Hernia,0,0.006695474032312632
00003426_029.png,Atelectasis,0,0.5436514616012573
00003426_029.png,Consolidation,1,0.542829155921936
00003426_029.png,Infiltration,1,0.5998572707176208
00003426_029.png,Pneumothorax,0,0.5035455822944641
00003426_029.png,Edema,0,0.3474237620830536
00003426_029.png,Emphysema,0,0.5106987953186035
00003426_029.png,Fibrosis,0,0.5601974725723267
00003426_029.png,Effusion,0,0.5706648826599121
00003426_029.png,Pneumonia,0,0.12409461289644241
00003426_029.png,Pleural_Thickening,0,0.5297106504440308
00003426_029.png,Cardiomegaly,0,0.3266705572605133
00003426_029.png,Nodule,0,0.5519217252731323
00003426_029.png,Mass,0,0.616443395614624
00003426_029.png,Hernia,0,0.08189225196838379
00003770_003.png,Atelectasis,0,0.5176029205322266
00003770_003.png,Consolidation,0,0.1369173228740692
00003770_003.png,Infiltration,0,0.5358080863952637
00003770_003.png,Pneumothorax,0,0.05884059518575668
00003770_003.png,Edema,0,0.02006424032151699
00003770_003.png,Emphysema,0,0.1864093542098999
00003770_003.png,Fibrosis,0,0.5149467587471008
00003770_003.png,Effusion,0,0.11891132593154907
00003770_003.png,Pneumonia,0,0.023083282634615898
00003770_003.png,Pleural_Thickening,0,0.254869669675827
00003770_003.png,Cardiomegaly,0,0.12703043222427368
00003770_003.png,Nodule,0,0.2959945797920227
00003770_003.png,Mass,0,0.23862828314304352
00003770_003.png,Hernia,0,0.003695425810292363
00003989_015.png,Atelectasis,0,0.45716750621795654
00003989_015.png,Consolidation,0,0.25643324851989746
00003989_015.png,Infiltration,0,0.5579572916030884
00003989_015.png,Pneumothorax,0,0.2508309483528137
00003989_015.png,Edema,0,0.19581259787082672
00003989_015.png,Emphysema,0,0.49112069606781006
00003989_015.png,Fibrosis,0,0.5337612628936768
00003989_015.png,Effusion,0,0.3988786041736603
00003989_015.png,Pneumonia,0,0.022043459117412567
00003989_015.png,Pleural_Thickening,0,0.5060604214668274
00003989_015.png,Cardiomegaly,1,0.7796305418014526
00003989_015.png,Nodule,0,0.5031206607818604
00003989_015.png,Mass,0,0.506234884262085
00003989_015.png,Hernia,0,0.02257893793284893
00004074_000.png,Atelectasis,0,0.2641123831272125
00004074_000.png,Consolidation,0,0.16067096590995789
00004074_000.png,Infiltration,0,0.16644704341888428
00004074_000.png,Pneumothorax,0,0.10948219895362854
00004074_000.png,Edema,0,0.0038510735612362623
00004074_000.png,Emphysema,0,0.5020481944084167
00004074_000.png,Fibrosis,0,0.45388180017471313
00004074_000.png,Effusion,0,0.06225430220365524
00004074_000.png,Pneumonia,1,0.005096350330859423
00004074_000.png,Pleural_Thickening,0,0.09250615537166595
00004074_000.png,Cardiomegaly,0,0.0254326444119215
00004074_000.png,Nodule,1,0.5088926553726196
00004074_000.png,Mass,1,0.5332275629043579
00004074_000.png,Hernia,0,0.01861921139061451
00004737_007.png,Atelectasis,0,0.5738474130630493
00004737_007.png,Consolidation,0,0.5389566421508789
00004737_007.png,Infiltration,0,0.6621311902999878
00004737_007.png,Pneumothorax,0,0.4801933765411377
00004737_007.png,Edema,0,0.5209423303604126
00004737_007.png,Emphysema,0,0.3049115836620331
00004737_007.png,Fibrosis,0,0.5506101846694946
00004737_007.png,Effusion,1,0.6896944046020508
00004737_007.png,Pneumonia,0,0.6499555110931396
00004737_007.png,Pleural_Thickening,0,0.5022796392440796
00004737_007.png,Cardiomegaly,1,0.5818076729774475
00004737_007.png,Nodule,0,0.5204879641532898
00004737_007.png,Mass,0,0.6000019311904907
00004737_007.png,Hernia,0,0.2756507098674774
00004747_000.png,Atelectasis,0,0.5160894393920898
00004747_000.png,Consolidation,0,0.515129029750824
00004747_000.png,Infiltration,1,0.5939104557037354
00004747_000.png,Pneumothorax,0,0.503990888595581
00004747_000.png,Edema,0,0.0382753424346447
00004747_000.png,Emphysema,1,0.5196740627288818
00004747_000.png,Fibrosis,1,0.6709595918655396
00004747_000.png,Effusion,0,0.5122971534729004
00004747_000.png,Pneumonia,0,0.19044947624206543
00004747_000.png,Pleural_Thickening,1,0.6275228261947632
00004747_000.png,Cardiomegaly,0,0.3327733874320984
00004747_000.png,Nodule,0,0.54714035987854
00004747_000.png,Mass,0,0.5885134935379028
00004747_000.png,Hernia,1,0.5118007659912109
00004893_000.png,Atelectasis,0,0.3988231122493744
00004893_000.png,Consolidation,0,0.35007917881011963
00004893_000.png,Infiltration,0,0.5317406058311462
00004893_000.png,Pneumothorax,0,0.5027576088905334
00004893_000.png,Edema,0,0.13579675555229187
00004893_000.png,Emphysema,0,0.5003491640090942
00004893_000.png,Fibrosis,0,0.3725338280200958
00004893_000.png,Effusion,0,0.3234584331512451
00004893_000.png,Pneumonia,0,0.008749130181968212
00004893_000.png,Pleural_Thickening,0,0.20858053863048553
00004893_000.png,Cardiomegaly,0,0.5068660974502563
00004893_000.png,Nodule,0,0.41674983501434326
00004893_000.png,Mass,0,0.5066830515861511
00004893_000.png,Hernia,0,0.017278466373682022
00004893_004.png,Atelectasis,0,0.14181646704673767
00004893_004.png,Consolidation,0,0.1679653376340866
00004893_004.png,Infiltration,0,0.5295500755310059
00004893_004.png,Pneumothorax,0,0.4516475796699524
00004893_004.png,Edema,0,0.20072637498378754
00004893_004.png,Emphysema,0,0.39584115147590637
00004893_004.png,Fibrosis,0,0.152356818318367
00004893_004.png,Effusion,0,0.16296696662902832
00004893_004.png,Pneumonia,0,0.01098842266947031
00004893_004.png,Pleural_Thickening,0,0.09110322594642639
00004893_004.png,Cardiomegaly,0,0.5771063566207886
00004893_004.png,Nodule,0,0.4595571458339691
00004893_004.png,Mass,0,0.31710854172706604
00004893_004.png,Hernia,0,0.0012182291829958558
00004893_023.png,Atelectasis,0,0.3837061822414398
00004893_023.png,Consolidation,0,0.5022512674331665
00004893_023.png,Infiltration,0,0.5179301500320435
00004893_023.png,Pneumothorax,0,0.5079163312911987
00004893_023.png,Edema,0,0.2448616772890091
00004893_023.png,Emphysema,0,0.4437713027000427
00004893_023.png,Fibrosis,0,0.17343614995479584
00004893_023.png,Effusion,0,0.5022425651550293
00004893_023.png,Pneumonia,0,0.03728612884879112
00004893_023.png,Pleural_Thickening,0,0.09961302578449249
00004893_023.png,Cardiomegaly,0,0.5340200066566467
00004893_023.png,Nodule,0,0.286731481552124
00004893_023.png,Mass,0,0.506385087966919
00004893_023.png,Hernia,0,0.006993892602622509
00004893_027.png,Atelectasis,0,0.20216858386993408
00004893_027.png,Consolidation,0,0.16774728894233704
00004893_027.png,Infiltration,0,0.5063216686248779
00004893_027.png,Pneumothorax,0,0.34251031279563904
00004893_027.png,Edema,0,0.0704984962940216
00004893_027.png,Emphysema,0,0.48855799436569214
00004893_027.png,Fibrosis,0,0.3672921359539032
00004893_027.png,Effusion,0,0.21345868706703186
00004893_027.png,Pneumonia,1,0.005244043655693531
00004893_027.png,Pleural_Thickening,0,0.20623722672462463
00004893_027.png,Cardiomegaly,0,0.5387638807296753
00004893_027.png,Nodule,0,0.4407862424850464
00004893_027.png,Mass,0,0.4521419107913971
00004893_027.png,Hernia,0,0.0028919698670506477
00004893_070.png,Atelectasis,0,0.5515419244766235
00004893_070.png,Consolidation,0,0.5034196376800537
00004893_070.png,Infiltration,0,0.5380792617797852
00004893_070.png,Pneumothorax,0,0.5091122984886169
00004893_070.png,Edema,0,0.1459657847881317
00004893_070.png,Emphysema,0,0.5027494430541992
00004893_070.png,Fibrosis,0,0.5203027725219727
00004893_070.png,Effusion,0,0.5002322196960449
00004893_070.png,Pneumonia,1,0.13775034248828888
00004893_070.png,Pleural_Thickening,0,0.5092663764953613
00004893_070.png,Cardiomegaly,0,0.18974336981773376
00004893_070.png,Nodule,0,0.5389429330825806
00004893_070.png,Mass,0,0.6367815732955933
00004893_070.png,Hernia,0,0.035558268427848816
00004893_085.png,Atelectasis,0,0.524095892906189
00004893_085.png,Consolidation,0,0.34444287419319153
00004893_085.png,Infiltration,0,0.528947114944458
00004893_085.png,Pneumothorax,0,0.2063499540090561
00004893_085.png,Edema,0,0.05077851563692093
00004893_085.png,Emphysema,0,0.28924089670181274
00004893_085.png,Fibrosis,1,0.5100810527801514
00004893_085.png,Effusion,0,0.521085262298584
00004893_085.png,Pneumonia,0,0.08522765338420868
00004893_085.png,Pleural_Thickening,0,0.5033668279647827
00004893_085.png,Cardiomegaly,1,0.6812688112258911
00004893_085.png,Nodule,1,0.4903199076652527
00004893_085.png,Mass,0,0.5007158517837524
00004893_085.png,Hernia,0,0.034403637051582336
00004904_011.png,Atelectasis,0,0.5465344190597534
00004904_011.png,Consolidation,1,0.5188517570495605
00004904_011.png,Infiltration,0,0.544552743434906
00004904_011.png,Pneumothorax,0,0.5072555541992188
00004904_011.png,Edema,0,0.0825062245130539
00004904_011.png,Emphysema,0,0.5021235942840576
00004904_011.png,Fibrosis,0,0.517561674118042
00004904_011.png,Effusion,1,0.5987939834594727
00004904_011.png,Pneumonia,0,0.0980197936296463
00004904_011.png,Pleural_Thickening,0,0.5234873294830322
00004904_011.png,Cardiomegaly,0,0.17797160148620605
00004904_011.png,Nodule,0,0.51031094789505
00004904_011.png,Mass,1,0.641900360584259
00004904_011.png,Hernia,0,0.11983980983495712
00004961_007.png,Atelectasis,0,0.5295285582542419
00004961_007.png,Consolidation,1,0.5371139049530029
00004961_007.png,Infiltration,0,0.5052751302719116
00004961_007.png,Pneumothorax,0,0.5381726026535034
00004961_007.png,Edema,0,0.16506655514240265
00004961_007.png,Emphysema,0,0.5046682357788086
00004961_007.png,Fibrosis,0,0.5039713382720947
00004961_007.png,Effusion,0,0.6563901901245117
00004961_007.png,Pneumonia,0,0.4258638918399811
00004961_007.png,Pleural_Thickening,0,0.5588715076446533
00004961_007.png,Cardiomegaly,0,0.09009236097335815
00004961_007.png,Nodule,0,0.5233992338180542
00004961_007.png,Mass,0,0.674772322177887
00004961_007.png,Hernia,0,0.0032972965855151415
00005011_000.png,Atelectasis,1,0.32790979743003845
00005011_000.png,Consolidation,0,0.15676259994506836
00005011_000.png,Infiltration,0,0.2522749602794647
00005011_000.png,Pneumothorax,0,0.1639339029788971
00005011_000.png,Edema,0,0.0013386812061071396
00005011_000.png,Emphysema,0,0.5075987577438354
00005011_000.png,Fibrosis,0,0.51849365234375
00005011_000.png,Effusion,0,0.0486040823161602
00005011_000.png,Pneumonia,1,0.0011868951842188835
00005011_000.png,Pleural_Thickening,0,0.500146746635437
00005011_000.png,Cardiomegaly,0,0.03242793679237366
00005011_000.png,Nodule,0,0.5055892467498779
00005011_000.png,Mass,0,0.5141695737838745
00005011_000.png,Hernia,0,0.2685580551624298
00005026_012.png,Atelectasis,0,0.12087744474411011
00005026_012.png,Consolidation,0,0.0807158425450325
00005026_012.png,Infiltration,0,0.3637063205242157
00005026_012.png,Pneumothorax,0,0.06888891756534576
00005026_012.png,Edema,0,0.0009448627242818475
00005026_012.png,Emphysema,0,0.06049452722072601
00005026_012.png,Fibrosis,0,0.5000009536743164
00005026_012.png,Effusion,0,0.05336805805563927
00005026_012.png,Pneumonia,0,0.0015924511244520545
00005026_012.png,Pleural_Thickening,0,0.1401730626821518
00005026_012.png,Cardiomegaly,0,0.03676030784845352
00005026_012.png,Nodule,0,0.3723973035812378
00005026_012.png,Mass,0,0.3090355098247528
00005026_012.png,Hernia,0,0.0049764118157327175
00005206_001.png,Atelectasis,0,0.03316032141447067
00005206_001.png,Consolidation,0,0.2106502205133438
00005206_001.png,Infiltration,0,0.33901306986808777
00005206_001.png,Pneumothorax,0,0.1739734560251236
00005206_001.png,Edema,0,0.0003007529303431511
00005206_001.png,Emphysema,0,0.5010861158370972
00005206_001.png,Fibrosis,0,0.5074934363365173
00005206_001.png,Effusion,0,0.030417880043387413
00005206_001.png,Pneumonia,0,0.0016340191941708326
00005206_001.png,Pleural_Thickening,0,0.5085189342498779
00005206_001.png,Cardiomegaly,0,0.002889492316171527
00005206_001.png,Nodule,0,0.5097401142120361
00005206_001.png,Mass,0,0.5185529589653015
00005206_001.png,Hernia,0,0.03339684382081032
00005567_016.png,Atelectasis,0,0.5854748487472534
00005567_016.png,Consolidation,0,0.2242215871810913
00005567_016.png,Infiltration,0,0.5041735172271729
00005567_016.png,Pneumothorax,0,0.4440423846244812
00005567_016.png,Edema,0,0.003014800837263465
00005567_016.png,Emphysema,1,0.49953940510749817
00005567_016.png,Fibrosis,0,0.5081416368484497
00005567_016.png,Effusion,0,0.4105846881866455
00005567_016.png,Pneumonia,1,0.035427674651145935
00005567_016.png,Pleural_Thickening,0,0.5056747198104858
00005567_016.png,Cardiomegaly,0,0.13079147040843964
00005567_016.png,Nodule,0,0.3768324553966522
00005567_016.png,Mass,0,0.28426393866539
00005567_016.png,Hernia,0,0.011259718798100948
00005567_017.png,Atelectasis,0,0.5795551538467407
00005567_017.png,Consolidation,0,0.22366827726364136
00005567_017.png,Infiltration,0,0.5145445466041565
00005567_017.png,Pneumothorax,0,0.21632906794548035
00005567_017.png,Edema,0,0.004746921360492706
00005567_017.png,Emphysema,0,0.11959284543991089
00005567_017.png,Fibrosis,0,0.5097299218177795
00005567_017.png,Effusion,0,0.28194305300712585
00005567_017.png,Pneumonia,1,0.02437647059559822
00005567_017.png,Pleural_Thickening,0,0.5049370527267456
00005567_017.png,Cardiomegaly,0,0.09544063359498978
00005567_017.png,Nodule,0,0.41162875294685364
00005567_017.png,Mass,0,0.3552417457103729
00005567_017.png,Hernia,0,0.0027468418702483177
00005567_021.png,Atelectasis,0,0.5652820467948914
00005567_021.png,Consolidation,0,0.18771463632583618
00005567_021.png,Infiltration,0,0.5135749578475952
00005567_021.png,Pneumothorax,0,0.20998381078243256
00005567_021.png,Edema,0,0.0025336151011288166
00005567_021.png,Emphysema,0,0.14695893228054047
00005567_021.png,Fibrosis,0,0.5152596235275269
00005567_021.png,Effusion,0,0.17518766224384308
00005567_021.png,Pneumonia,0,0.014013880863785744
00005567_021.png,Pleural_Thickening,0,0.38535255193710327
00005567_021.png,Cardiomegaly,0,0.032963454723358154
00005567_021.png,Nodule,0,0.37848013639450073
00005567_021.png,Mass,0,0.23187167942523956
00005567_021.png,Hernia,0,0.00468809437006712
00005567_025.png,Atelectasis,0,0.5881523489952087
00005567_025.png,Consolidation,0,0.29664427042007446
00005567_025.png,Infiltration,0,0.5287507176399231
00005567_025.png,Pneumothorax,0,0.29525741934776306
00005567_025.png,Edema,0,0.004396005533635616
00005567_025.png,Emphysema,0,0.5010147094726562
00005567_025.png,Fibrosis,0,0.5475823283195496
00005567_025.png,Effusion,0,0.36549803614616394
00005567_025.png,Pneumonia,1,0.03348226472735405
00005567_025.png,Pleural_Thickening,0,0.5030035972595215
00005567_025.png,Cardiomegaly,0,0.05347548797726631
00005567_025.png,Nodule,0,0.5002629160881042
00005567_025.png,Mass,0,0.39175570011138916
00005567_025.png,Hernia,0,0.006004751194268465
00005623_000.png,Atelectasis,0,0.1528526395559311
00005623_000.png,Consolidation,0,0.12104997783899307
00005623_000.png,Infiltration,0,0.5336507558822632
00005623_000.png,Pneumothorax,0,0.25058281421661377
00005623_000.png,Edema,0,0.0037967474199831486
00005623_000.png,Emphysema,0,0.5150496959686279
00005623_000.png,Fibrosis,0,0.5232354402542114
00005623_000.png,Effusion,0,0.09222712367773056
00005623_000.png,Pneumonia,0,0.011067607440054417
00005623_000.png,Pleural_Thickening,0,0.4457087814807892
00005623_000.png,Cardiomegaly,0,0.025177033618092537
00005623_000.png,Nodule,0,0.43155404925346375
00005623_000.png,Mass,0,0.3709297478199005
00005623_000.png,Hernia,0,0.023701075464487076
00005653_003.png,Atelectasis,1,0.5682845115661621
00005653_003.png,Consolidation,0,0.4621916115283966
00005653_003.png,Infiltration,1,0.5112191438674927
00005653_003.png,Pneumothorax,0,0.5124900341033936
00005653_003.png,Edema,0,0.011609763838350773
00005653_003.png,Emphysema,0,0.502306342124939
00005653_003.png,Fibrosis,0,0.5398261547088623
00005653_003.png,Effusion,1,0.6830246448516846
00005653_003.png,Pneumonia,1,0.055769182741642
00005653_003.png,Pleural_Thickening,0,0.5599361658096313
00005653_003.png,Cardiomegaly,0,0.26177430152893066
00005653_003.png,Nodule,0,0.5218470096588135
00005653_003.png,Mass,0,0.5275605916976929
00005653_003.png,Hernia,0,0.06568343937397003
00005653_007.png,Atelectasis,1,0.5211825370788574
00005653_007.png,Consolidation,1,0.4430082142353058
00005653_007.png,Infiltration,1,0.47869858145713806
00005653_007.png,Pneumothorax,0,0.3892418146133423
00005653_007.png,Edema,0,0.16109462082386017
00005653_007.png,Emphysema,0,0.2488708794116974
00005653_007.png,Fibrosis,0,0.41358527541160583
00005653_007.png,Effusion,0,0.23897860944271088
00005653_007.png,Pneumonia,0,0.1419646143913269
00005653_007.png,Pleural_Thickening,0,0.39136314392089844
00005653_007.png,Cardiomegaly,1,0.5224056243896484
00005653_007.png,Nodule,0,0.37885791063308716
00005653_007.png,Mass,0,0.5446242690086365
00005653_007.png,Hernia,0,0.5408399105072021
00005722_042.png,Atelectasis,0,0.3879929482936859
00005722_042.png,Consolidation,0,0.5462727546691895
00005722_042.png,Infiltration,1,0.694165825843811
00005722_042.png,Pneumothorax,0,0.5105969905853271
00005722_042.png,Edema,0,0.5123605728149414
00005722_042.png,Emphysema,0,0.5041544437408447
00005722_042.png,Fibrosis,0,0.567679762840271
00005722_042.png,Effusion,0,0.23896199464797974
00005722_042.png,Pneumonia,0,0.589474081993103
00005722_042.png,Pleural_Thickening,0,0.5150133371353149
00005722_042.png,Cardiomegaly,0,0.08308463543653488
00005722_042.png,Nodule,1,0.6554551124572754
00005722_042.png,Mass,0,0.6071865558624268
00005722_042.png,Hernia,0,0.004883214831352234
00005814_001.png,Atelectasis,0,0.5017493367195129
00005814_001.png,Consolidation,0,0.2673906683921814
00005814_001.png,Infiltration,0,0.5103062987327576
00005814_001.png,Pneumothorax,0,0.16599439084529877
00005814_001.png,Edema,0,0.5046635866165161
00005814_001.png,Emphysema,0,0.3080391585826874
00005814_001.png,Fibrosis,0,0.35555604100227356
00005814_001.png,Effusion,0,0.2882232964038849
00005814_001.png,Pneumonia,0,0.15008899569511414
00005814_001.png,Pleural_Thickening,0,0.20099018514156342
00005814_001.png,Cardiomegaly,0,0.6013273000717163
00005814_001.png,Nodule,0,0.3144936263561249
00005814_001.png,Mass,0,0.25580188632011414
00005814_001.png,Hernia,0,0.014161461032927036
00005982_016.png,Atelectasis,1,0.5287882089614868
00005982_016.png,Consolidation,0,0.518674910068512
00005982_016.png,Infiltration,0,0.5482302904129028
00005982_016.png,Pneumothorax,0,0.5029464960098267
00005982_016.png,Edema,0,0.04048331826925278
00005982_016.png,Emphysema,0,0.5079401731491089
00005982_016.png,Fibrosis,0,0.5389018058776855
00005982_016.png,Effusion,1,0.5195987224578857
00005982_016.png,Pneumonia,0,0.3182925879955292
00005982_016.png,Pleural_Thickening,0,0.5427408218383789
00005982_016.png,Cardiomegaly,0,0.3050704896450043
00005982_016.png,Nodule,0,0.5066506862640381
00005982_016.png,Mass,0,0.5102782249450684
00005982_016.png,Hernia,0,0.15889900922775269
00006039_002.png,Atelectasis,0,0.5112429261207581
00006039_002.png,Consolidation,1,0.5038291215896606
00006039_002.png,Infiltration,0,0.5439640283584595
00006039_002.png,Pneumothorax,0,0.37259167432785034
00006039_002.png,Edema,0,0.5077016353607178
00006039_002.png,Emphysema,0,0.35634589195251465
00006039_002.png,Fibrosis,0,0.5018852949142456
00006039_002.png,Effusion,1,0.34998849034309387
00006039_002.png,Pneumonia,0,0.3639821708202362
00006039_002.png,Pleural_Thickening,0,0.31292808055877686
00006039_002.png,Cardiomegaly,0,0.40927812457084656
00006039_002.png,Nodule,0,0.5000470876693726
00006039_002.png,Mass,0,0.5133919715881348
00006039_002.png,Hernia,0,0.42754966020584106
00006160_002.png,Atelectasis,0,0.15445850789546967
00006160_002.png,Consolidation,0,0.3549122214317322
00006160_002.png,Infiltration,0,0.3965795040130615
00006160_002.png,Pneumothorax,0,0.5008236765861511
00006160_002.png,Edema,1,0.5156326293945312
00006160_002.png,Emphysema,0,0.5005660057067871
00006160_002.png,Fibrosis,0,0.27181729674339294
00006160_002.png,Effusion,0,0.07024781405925751
00006160_002.png,Pneumonia,0,0.35780736804008484
00006160_002.png,Pleural_Thickening,0,0.07842417061328888
00006160_002.png,Cardiomegaly,0,0.5270606875419617
00006160_002.png,Nodule,0,0.5091739296913147
00006160_002.png,Mass,0,0.3443792462348938
00006160_002.png,Hernia,0,0.0010430323891341686
00006580_000.png,Atelectasis,0,0.05573330447077751
00006580_000.png,Consolidation,0,0.04842394217848778
00006580_000.png,Infiltration,0,0.2535041272640228
00006580_000.png,Pneumothorax,0,0.04835253581404686
00006580_000.png,Edema,0,0.0013211470795795321
00006580_000.png,Emphysema,0,0.22984743118286133
00006580_000.png,Fibrosis,0,0.3480014503002167
00006580_000.png,Effusion,0,0.040833715349435806
00006580_000.png,Pneumonia,1,8.585412433603778e-05
00006580_000.png,Pleural_Thickening,0,0.10991664975881577
00006580_000.png,Cardiomegaly,1,0.1905898004770279
00006580_000.png,Nodule,0,0.3447383642196655
00006580_000.png,Mass,0,0.2675352096557617
00006580_000.png,Hernia,0,0.01218072883784771
00006808_007.png,Atelectasis,0,0.4578235447406769
00006808_007.png,Consolidation,0,0.4119529724121094
00006808_007.png,Infiltration,0,0.339822918176651
00006808_007.png,Pneumothorax,0,0.4107149839401245
00006808_007.png,Edema,0,0.29099100828170776
00006808_007.png,Emphysema,0,0.24863049387931824
00006808_007.png,Fibrosis,0,0.0738033726811409
00006808_007.png,Effusion,0,0.14180926978588104
00006808_007.png,Pneumonia,0,0.15266479551792145
00006808_007.png,Pleural_Thickening,0,0.047414086759090424
00006808_007.png,Cardiomegaly,1,0.5094637870788574
00006808_007.png,Nodule,0,0.23152969777584076
00006808_007.png,Mass,0,0.5048673152923584
00006808_007.png,Hernia,0,0.013183792121708393
00006814_000.png,Atelectasis,0,0.07245468348264694
00006814_000.png,Consolidation,0,0.0841313898563385
00006814_000.png,Infiltration,0,0.10588807612657547
00006814_000.png,Pneumothorax,0,0.061013363301754
00006814_000.png,Edema,0,0.0007753627724014223
00006814_000.png,Emphysema,0,0.39244577288627625
00006814_000.png,Fibrosis,0,0.22518886625766754
00006814_000.png,Effusion,0,0.015871647745370865
00006814_000.png,Pneumonia,0,0.00107388268224895
00006814_000.png,Pleural_Thickening,0,0.03513629734516144
00006814_000.png,Cardiomegaly,0,0.004252390004694462
00006814_000.png,Nodule,0,0.2514822483062744
00006814_000.png,Mass,0,0.40014392137527466
00006814_000.png,Hernia,0,0.0008657009457238019
00007007_002.png,Atelectasis,1,0.5391988754272461
00007007_002.png,Consolidation,1,0.5146448016166687
00007007_002.png,Infiltration,0,0.5591391324996948
00007007_002.png,Pneumothorax,0,0.5005784034729004
00007007_002.png,Edema,0,0.4377812147140503
00007007_002.png,Emphysema,0,0.2956826984882355
00007007_002.png,Fibrosis,0,0.5025731325149536
00007007_002.png,Effusion,0,0.5687225461006165
00007007_002.png,Pneumonia,1,0.20011043548583984
00007007_002.png,Pleural_Thickening,0,0.2137334942817688
00007007_002.png,Cardiomegaly,0,0.5650970935821533
00007007_002.png,Nodule,0,0.3468471169471741
00007007_002.png,Mass,0,0.5234184265136719
00007007_002.png,Hernia,0,0.4839981496334076
00007007_003.png,Atelectasis,1,0.5442095994949341
00007007_003.png,Consolidation,1,0.5187804698944092
00007007_003.png,Infiltration,0,0.60435551404953
00007007_003.png,Pneumothorax,0,0.5022473335266113
00007007_003.png,Edema,0,0.497881680727005
00007007_003.png,Emphysema,0,0.3116474449634552
00007007_003.png,Fibrosis,0,0.5023198127746582
00007007_003.png,Effusion,0,0.583516538143158
00007007_003.png,Pneumonia,1,0.2846169173717499
00007007_003.png,Pleural_Thickening,0,0.21141120791435242
00007007_003.png,Cardiomegaly,0,0.5279178619384766
00007007_003.png,Nodule,0,0.34873124957084656
00007007_003.png,Mass,0,0.5226612687110901
00007007_003.png,Hernia,0,0.14329861104488373
00007007_004.png,Atelectasis,1,0.5349386930465698
00007007_004.png,Consolidation,1,0.5155112147331238
00007007_004.png,Infiltration,0,0.5513781309127808
00007007_004.png,Pneumothorax,0,0.5011575222015381
00007007_004.png,Edema,0,0.07504662871360779
00007007_004.png,Emphysema,0,0.5002515912055969
00007007_004.png,Fibrosis,0,0.511134922504425
00007007_004.png,Effusion,0,0.5486481189727783
00007007_004.png,Pneumonia,1,0.04018208757042885
00007007_004.png,Pleural_Thickening,0,0.5043798685073853
00007007_004.png,Cardiomegaly,0,0.5176807641983032
00007007_004.png,Nodule,0,0.5025438070297241
00007007_004.png,Mass,0,0.5486491918563843
00007007_004.png,Hernia,0,0.5048961639404297
00007007_006.png,Atelectasis,0,0.5322315692901611
00007007_006.png,Consolidation,0,0.5372695922851562
00007007_006.png,Infiltration,0,0.5899725556373596
00007007_006.png,Pneumothorax,0,0.5068528652191162
00007007_006.png,Edema,0,0.09553956985473633
00007007_006.png,Emphysema,0,0.11021456867456436
00007007_006.png,Fibrosis,0,0.3237650692462921
00007007_006.png,Effusion,0,0.6378803849220276
00007007_006.png,Pneumonia,0,0.036551523953676224
00007007_006.png,Pleural_Thickening,0,0.4064033031463623
00007007_006.png,Cardiomegaly,0,0.13086682558059692
00007007_006.png,Nodule,0,0.34852856397628784
00007007_006.png,Mass,0,0.5360555648803711
00007007_006.png,Hernia,0,0.2161196917295456
00007007_016.png,Atelectasis,0,0.5773493051528931
00007007_016.png,Consolidation,1,0.5335052013397217
00007007_016.png,Infiltration,0,0.5831112861633301
00007007_016.png,Pneumothorax,0,0.5100656747817993
00007007_016.png,Edema,0,0.19440284371376038
00007007_016.png,Emphysema,0,0.5003596544265747
00007007_016.png,Fibrosis,0,0.5056481957435608
00007007_016.png,Effusion,0,0.6193476915359497
00007007_016.png,Pneumonia,1,0.14186228811740875
00007007_016.png,Pleural_Thickening,0,0.503337562084198
00007007_016.png,Cardiomegaly,0,0.49676039814949036
00007007_016.png,Nodule,0,0.506149172782898
00007007_016.png,Mass,0,0.5486874580383301
00007007_016.png,Hernia,0,0.10723713785409927
00007007_017.png,Atelectasis,1,0.5606482028961182
00007007_017.png,Consolidation,0,0.5134919881820679
00007007_017.png,Infiltration,0,0.5833026170730591
00007007_017.png,Pneumothorax,0,0.5024277567863464
00007007_017.png,Edema,0,0.363261878490448
00007007_017.png,Emphysema,0,0.3373304605484009
00007007_017.png,Fibrosis,0,0.5017026662826538
00007007_017.png,Effusion,0,0.5800199508666992
00007007_017.png,Pneumonia,1,0.20939238369464874
00007007_017.png,Pleural_Thickening,0,0.2643078565597534
00007007_017.png,Cardiomegaly,0,0.5410309433937073
00007007_017.png,Nodule,0,0.3671000599861145
00007007_017.png,Mass,0,0.5374290943145752
00007007_017.png,Hernia,0,0.4326914846897125
00007185_008.png,Atelectasis,0,0.5199434757232666
00007185_008.png,Consolidation,0,0.5157584547996521
00007185_008.png,Infiltration,0,0.562247633934021
00007185_008.png,Pneumothorax,0,0.5199170112609863
00007185_008.png,Edema,0,0.5024305582046509
00007185_008.png,Emphysema,0,0.5007872581481934
00007185_008.png,Fibrosis,0,0.4043166935443878
00007185_008.png,Effusion,0,0.502863883972168
00007185_008.png,Pneumonia,0,0.36279624700546265
00007185_008.png,Pleural_Thickening,0,0.28642648458480835
00007185_008.png,Cardiomegaly,0,0.4361374080181122
00007185_008.png,Nodule,0,0.5008931159973145
00007185_008.png,Mass,0,0.5171120166778564
00007185_008.png,Hernia,0,0.02244592271745205
00007256_004.png,Atelectasis,0,0.47233179211616516
00007256_004.png,Consolidation,0,0.5003706216812134
00007256_004.png,Infiltration,0,0.6017775535583496
00007256_004.png,Pneumothorax,0,0.5062692761421204
00007256_004.png,Edema,1,0.4645375907421112
00007256_004.png,Emphysema,0,0.5116366147994995
00007256_004.png,Fibrosis,0,0.5936298370361328
00007256_004.png,Effusion,1,0.2482679933309555
00007256_004.png,Pneumonia,1,0.12129465490579605
00007256_004.png,Pleural_Thickening,0,0.5209878087043762
00007256_004.png,Cardiomegaly,0,0.2411452978849411
00007256_004.png,Nodule,0,0.5834354162216187
00007256_004.png,Mass,0,0.547802209854126
00007256_004.png,Hernia,0,0.047865647822618484
00007514_011.png,Atelectasis,0,0.4565884470939636
00007514_011.png,Consolidation,0,0.535738468170166
00007514_011.png,Infiltration,1,0.5389426350593567
00007514_011.png,Pneumothorax,0,0.5036050081253052
00007514_011.png,Edema,0,0.003809606656432152
00007514_011.png,Emphysema,0,0.5037554502487183
00007514_011.png,Fibrosis,0,0.5128772854804993
00007514_011.png,Effusion,0,0.38204607367515564
00007514_011.png,Pneumonia,1,0.0020779899787157774
00007514_011.png,Pleural_Thickening,0,0.5034503936767578
00007514_011.png,Cardiomegaly,0,0.0679636150598526
00007514_011.png,Nodule,0,0.5266975164413452
00007514_011.png,Mass,0,0.6084959506988525
00007514_011.png,Hernia,0,0.027337409555912018
00007558_006.png,Atelectasis,0,0.5526638031005859
00007558_006.png,Consolidation,1,0.5014376044273376
00007558_006.png,Infiltration,1,0.5092563629150391
00007558_006.png,Pneumothorax,0,0.5005593299865723
00007558_006.png,Edema,0,0.052571311593055725
00007558_006.png,Emphysema,0,0.5001742839813232
00007558_006.png,Fibrosis,0,0.4911154806613922
00007558_006.png,Effusion,0,0.5137715339660645
00007558_006.png,Pneumonia,0,0.2383936494588852
00007558_006.png,Pleural_Thickening,0,0.45073091983795166
00007558_006.png,Cardiomegaly,0,0.13200151920318604
00007558_006.png,Nodule,0,0.4593851864337921
00007558_006.png,Mass,0,0.5221455097198486
00007558_006.png,Hernia,0,0.06436296552419662
00007558_017.png,Atelectasis,1,0.44172993302345276
00007558_017.png,Consolidation,0,0.17082715034484863
00007558_017.png,Infiltration,0,0.508508563041687
00007558_017.png,Pneumothorax,0,0.0492192767560482
00007558_017.png,Edema,0,0.04106629267334938
00007558_017.png,Emphysema,0,0.4286068081855774
00007558_017.png,Fibrosis,0,0.5066762566566467
00007558_017.png,Effusion,0,0.1212911605834961
00007558_017.png,Pneumonia,0,0.021778078749775887
00007558_017.png,Pleural_Thickening,0,0.29173022508621216
00007558_017.png,Cardiomegaly,0,0.2739766538143158
00007558_017.png,Nodule,0,0.5117642879486084
00007558_017.png,Mass,0,0.5032302737236023
00007558_017.png,Hernia,0,0.006507513578981161
00007708_004.png,Atelectasis,0,0.537982702255249
00007708_004.png,Consolidation,0,0.21884137392044067
00007708_004.png,Infiltration,0,0.3736855387687683
00007708_004.png,Pneumothorax,0,0.11035602539777756
00007708_004.png,Edema,0,0.16959793865680695
00007708_004.png,Emphysema,0,0.058455731719732285
00007708_004.png,Fibrosis,0,0.10712165385484695
00007708_004.png,Effusion,0,0.09095592051744461
00007708_004.png,Pneumonia,0,0.21402831375598907
00007708_004.png,Pleural_Thickening,0,0.05576704815030098
00007708_004.png,Cardiomegaly,0,0.12677313387393951
00007708_004.png,Nodule,0,0.2464732676744461
00007708_004.png,Mass,0,0.27842190861701965
00007708_004.png,Hernia,0,0.019427310675382614
00007718_007.png,Atelectasis,0,0.15433521568775177
00007718_007.png,Consolidation,0,0.09250832349061966
00007718_007.png,Infiltration,0,0.2621724307537079
00007718_007.png,Pneumothorax,0,0.11774493008852005
00007718_007.png,Edema,0,0.00012140984472353011
00007718_007.png,Emphysema,0,0.45990610122680664
00007718_007.png,Fibrosis,0,0.5066025853157043
00007718_007.png,Effusion,1,0.07945983856916428
00007718_007.png,Pneumonia,0,0.00055449124192819
00007718_007.png,Pleural_Thickening,0,0.23161011934280396
00007718_007.png,Cardiomegaly,0,0.006363553460687399
00007718_007.png,Nodule,1,0.27734455466270447
00007718_007.png,Mass,0,0.4424457848072052
00007718_007.png,Hernia,0,0.011605815961956978
00007757_006.png,Atelectasis,0,0.26247137784957886
00007757_006.png,Consolidation,0,0.23759052157402039
00007757_006.png,Infiltration,0,0.3911588490009308
00007757_006.png,Pneumothorax,0,0.1950567066669464
00007757_006.png,Edema,0,0.004527949262410402
00007757_006.png,Emphysema,0,0.5142875909805298
00007757_006.png,Fibrosis,0,0.2567431926727295
00007757_006.png,Effusion,0,0.161636620759964
00007757_006.png,Pneumonia,0,0.0002816387277562171
00007757_006.png,Pleural_Thickening,0,0.07753141224384308
00007757_006.png,Cardiomegaly,0,0.41975918412208557
00007757_006.png,Nodule,0,0.5179328918457031
00007757_006.png,Mass,1,0.8304638266563416
00007757_006.png,Hernia,0,0.016534937545657158
00007778_000.png,Atelectasis,0,0.06343948841094971
00007778_000.png,Consolidation,0,0.0839940682053566
00007778_000.png,Infiltration,0,0.28247299790382385
00007778_000.png,Pneumothorax,0,0.08900540322065353
00007778_000.png,Edema,0,0.0010103087406605482
00007778_000.png,Emphysema,0,0.5003209114074707
00007778_000.png,Fibrosis,0,0.22393551468849182
00007778_000.png,Effusion,0,0.015268106944859028
00007778_000.png,Pneumonia,0,0.00020231107191648334
00007778_000.png,Pleural_Thickening,0,0.054809801280498505
00007778_000.png,Cardiomegaly,0,0.0013818660518154502
00007778_000.png,Nodule,0,0.5371277332305908
00007778_000.png,Mass,0,0.5737305879592896
00007778_000.png,Hernia,0,0.002537718042731285
00007863_000.png,Atelectasis,0,0.03512819856405258
00007863_000.png,Consolidation,0,0.05856049805879593
00007863_000.png,Infiltration,0,0.19135682284832
00007863_000.png,Pneumothorax,0,0.09368342161178589
00007863_000.png,Edema,0,5.0659902626648545e-05
00007863_000.png,Emphysema,0,0.22734448313713074
00007863_000.png,Fibrosis,0,0.15287214517593384
00007863_000.png,Effusion,0,0.010429797694087029
00007863_000.png,Pneumonia,0,6.151272100396454e-05
00007863_000.png,Pleural_Thickening,0,0.03848099336028099
00007863_000.png,Cardiomegaly,0,0.0013510454446077347
00007863_000.png,Nodule,0,0.24277663230895996
00007863_000.png,Mass,0,0.3944217562675476
00007863_000.png,Hernia,0,0.0056989858858287334
00007879_002.png,Atelectasis,0,0.6299177408218384
00007879_002.png,Consolidation,0,0.5166167616844177
00007879_002.png,Infiltration,0,0.5413910150527954
00007879_002.png,Pneumothorax,0,0.5085327625274658
00007879_002.png,Edema,0,0.18262997269630432
00007879_002.png,Emphysema,0,0.50032639503479
00007879_002.png,Fibrosis,0,0.5242664813995361
00007879_002.png,Effusion,0,0.5435917377471924
00007879_002.png,Pneumonia,0,0.25698938965797424
00007879_002.png,Pleural_Thickening,0,0.5179471969604492
00007879_002.png,Cardiomegaly,0,0.11092286556959152
00007879_002.png,Nodule,0,0.5110216736793518
00007879_002.png,Mass,0,0.5420485734939575
00007879_002.png,Hernia,0,0.047865353524684906
00007879_005.png,Atelectasis,0,0.3891673982143402
00007879_005.png,Consolidation,0,0.2050292193889618
00007879_005.png,Infiltration,0,0.5078548192977905
00007879_005.png,Pneumothorax,0,0.290465384721756
00007879_005.png,Edema,0,0.0019139832584187388
00007879_005.png,Emphysema,0,0.5026705265045166
00007879_005.png,Fibrosis,0,0.5171098709106445
00007879_005.png,Effusion,0,0.11892794817686081
00007879_005.png,Pneumonia,0,0.004362661857157946
00007879_005.png,Pleural_Thickening,0,0.4326101243495941
00007879_005.png,Cardiomegaly,0,0.013962343335151672
00007879_005.png,Nodule,0,0.5061588287353516
00007879_005.png,Mass,0,0.5197731256484985
00007879_005.png,Hernia,0,0.022053508087992668
00008064_000.png,Atelectasis,1,0.274590402841568
00008064_000.png,Consolidation,0,0.5022669434547424
00008064_000.png,Infiltration,0,0.5119934678077698
00008064_000.png,Pneumothorax,0,0.18225212395191193
00008064_000.png,Edema,0,0.004130661953240633
00008064_000.png,Emphysema,1,0.5230231285095215
00008064_000.png,Fibrosis,0,0.5003592371940613
00008064_000.png,Effusion,0,0.12359993904829025
00008064_000.png,Pneumonia,0,0.005571950227022171
00008064_000.png,Pleural_Thickening,0,0.06022028625011444
00008064_000.png,Cardiomegaly,0,0.10280012339353561
00008064_000.png,Nodule,0,0.5548684597015381
00008064_000.png,Mass,0,0.7325325608253479
00008064_000.png,Hernia,0,0.015581946820020676
00008362_013.png,Atelectasis,0,0.2913752496242523
00008362_013.png,Consolidation,0,0.5380839705467224
00008362_013.png,Infiltration,0,0.6805119514465332
00008362_013.png,Pneumothorax,0,0.5008450746536255
00008362_013.png,Edema,0,0.5001822113990784
00008362_013.png,Emphysema,0,0.5091520547866821
00008362_013.png,Fibrosis,0,0.5100676417350769
00008362_013.png,Effusion,0,0.5121981501579285
00008362_013.png,Pneumonia,1,0.9666330218315125
00008362_013.png,Pleural_Thickening,0,0.3411751389503479
00008362_013.png,Cardiomegaly,0,0.030439069494605064
00008362_013.png,Nodule,0,0.5408344268798828
00008362_013.png,Mass,0,0.5601420402526855
00008362_013.png,Hernia,0,0.0005888952873647213
00008362_014.png,Atelectasis,0,0.5190118551254272
00008362_014.png,Consolidation,0,0.5495132207870483
00008362_014.png,Infiltration,1,0.553744912147522
00008362_014.png,Pneumothorax,0,0.5041567087173462
00008362_014.png,Edema,1,0.14078786969184875
00008362_014.png,Emphysema,0,0.506344735622406
00008362_014.png,Fibrosis,0,0.5096583366394043
00008362_014.png,Effusion,0,0.6015629172325134
00008362_014.png,Pneumonia,1,0.9027259945869446
00008362_014.png,Pleural_Thickening,0,0.4262932240962982
00008362_014.png,Cardiomegaly,0,0.14247269928455353
00008362_014.png,Nodule,0,0.5264414548873901
00008362_014.png,Mass,0,0.6314988136291504
00008362_014.png,Hernia,0,0.0021831332705914974
00008397_012.png,Atelectasis,1,0.5221517086029053
00008397_012.png,Consolidation,1,0.48934516310691833
00008397_012.png,Infiltration,0,0.47967329621315
00008397_012.png,Pneumothorax,1,0.25117310881614685
00008397_012.png,Edema,1,0.00881421472877264
00008397_012.png,Emphysema,0,0.5053929686546326
00008397_012.png,Fibrosis,0,0.5156747698783875
00008397_012.png,Effusion,0,0.1258535236120224
00008397_012.png,Pneumonia,1,0.02535375952720642
00008397_012.png,Pleural_Thickening,0,0.49337562918663025
00008397_012.png,Cardiomegaly,0,0.20266355574131012
00008397_012.png,Nodule,0,0.5147784948348999
00008397_012.png,Mass,0,0.5551822781562805
00008397_012.png,Hernia,0,0.1957237869501114
00008397_018.png,Atelectasis,0,0.5223056077957153
00008397_018.png,Consolidation,0,0.5208112001419067
00008397_018.png,Infiltration,1,0.5028982162475586
00008397_018.png,Pneumothorax,0,0.5101915597915649
00008397_018.png,Edema,1,0.035669002681970596
00008397_018.png,Emphysema,0,0.502460241317749
00008397_018.png,Fibrosis,0,0.5219032764434814
00008397_018.png,Effusion,0,0.5745902061462402
00008397_018.png,Pneumonia,0,0.28188356757164
00008397_018.png,Pleural_Thickening,0,0.5153164267539978
00008397_018.png,Cardiomegaly,0,0.03838609904050827
00008397_018.png,Nodule,0,0.5226553678512573
00008397_018.png,Mass,1,0.6502748727798462
00008397_018.png,Hernia,0,0.03338311240077019
00008463_000.png,Atelectasis,1,0.5067740082740784
00008463_000.png,Consolidation,0,0.5655837655067444
00008463_000.png,Infiltration,1,0.5219594240188599
00008463_000.png,Pneumothorax,0,0.5052283406257629
00008463_000.png,Edema,0,0.07230554521083832
00008463_000.png,Emphysema,0,0.5005196928977966
00008463_000.png,Fibrosis,0,0.5370535850524902
00008463_000.png,Effusion,1,0.6894413232803345
00008463_000.png,Pneumonia,0,0.27949321269989014
00008463_000.png,Pleural_Thickening,0,0.5156915187835693
00008463_000.png,Cardiomegaly,1,0.500576376914978
00008463_000.png,Nodule,0,0.5332462787628174
00008463_000.png,Mass,1,0.6448090076446533
00008463_000.png,Hernia,0,0.0010929963318631053
00008917_000.png,Atelectasis,0,0.050476010888814926
00008917_000.png,Consolidation,0,0.11902214586734772
00008917_000.png,Infiltration,0,0.31914618611335754
00008917_000.png,Pneumothorax,0,0.15747994184494019
00008917_000.png,Edema,0,0.0012798404786735773
00008917_000.png,Emphysema,0,0.13072501122951508
00008917_000.png,Fibrosis,0,0.5025311708450317
00008917_000.png,Effusion,0,0.041374895721673965
00008917_000.png,Pneumonia,0,0.0011336080497130752
00008917_000.png,Pleural_Thickening,0,0.2631928324699402
00008917_000.png,Cardiomegaly,0,0.0205872543156147
00008917_000.png,Nodule,0,0.3454497456550598
00008917_000.png,Mass,0,0.504690945148468
00008917_000.png,Hernia,0,0.0011892731999978423
00009239_003.png,Atelectasis,0,0.5027079582214355
00009239_003.png,Consolidation,0,0.5124913454055786
00009239_003.png,Infiltration,0,0.5355322360992432
00009239_003.png,Pneumothorax,0,0.5050594806671143
00009239_003.png,Edema,0,0.010093724355101585
00009239_003.png,Emphysema,1,0.501882791519165
00009239_003.png,Fibrosis,1,0.5504581332206726
00009239_003.png,Effusion,0,0.5339105725288391
00009239_003.png,Pneumonia,0,0.00044904518290422857
00009239_003.png,Pleural_Thickening,0,0.5742648839950562
00009239_003.png,Cardiomegaly,0,0.11544004827737808
00009239_003.png,Nodule,0,0.5188261270523071
00009239_003.png,Mass,0,0.6264381408691406
00009239_003.png,Hernia,0,0.07403100281953812
00009297_012.png,Atelectasis,1,0.735649824142456
00009297_012.png,Consolidation,0,0.5676575303077698
00009297_012.png,Infiltration,0,0.539300262928009
00009297_012.png,Pneumothorax,0,0.5620051622390747
00009297_012.png,Edema,0,0.5117730498313904
00009297_012.png,Emphysema,0,0.5017455816268921
00009297_012.png,Fibrosis,0,0.5279041528701782
00009297_012.png,Effusion,0,0.9048469662666321
00009297_012.png,Pneumonia,0,0.4814324975013733
00009297_012.png,Pleural_Thickening,1,0.5354167222976685
00009297_012.png,Cardiomegaly,0,0.6393764019012451
00009297_012.png,Nodule,0,0.5098631381988525
00009297_012.png,Mass,0,0.5068262219429016
00009297_012.png,Hernia,0,0.048053134232759476
00009323_005.png,Atelectasis,0,0.5094000697135925
00009323_005.png,Consolidation,0,0.1300020068883896
00009323_005.png,Infiltration,0,0.5084547996520996
00009323_005.png,Pneumothorax,0,0.23201556503772736
00009323_005.png,Edema,0,0.05323556065559387
00009323_005.png,Emphysema,0,0.5005043148994446
00009323_005.png,Fibrosis,0,0.5150898694992065
00009323_005.png,Effusion,0,0.501589298248291
00009323_005.png,Pneumonia,1,0.03736845776438713
00009323_005.png,Pleural_Thickening,0,0.5055065751075745
00009323_005.png,Cardiomegaly,0,0.5503791570663452
00009323_005.png,Nodule,0,0.26099735498428345
00009323_005.png,Mass,0,0.18059509992599487
00009323_005.png,Hernia,0,0.025531504303216934
00009378_003.png,Atelectasis,0,0.19128909707069397
00009378_003.png,Consolidation,0,0.2990597188472748
00009378_003.png,Infiltration,0,0.2108961045742035
00009378_003.png,Pneumothorax,0,0.44969165325164795
00009378_003.png,Edema,0,0.00806050468236208
00009378_003.png,Emphysema,0,0.5005010962486267
00009378_003.png,Fibrosis,0,0.26322588324546814
00009378_003.png,Effusion,0,0.07418036460876465
00009378_003.png,Pneumonia,0,0.0021556196734309196
00009378_003.png,Pleural_Thickening,0,0.16110357642173767
00009378_003.png,Cardiomegaly,0,0.01033978071063757
00009378_003.png,Nodule,0,0.501388669013977
00009378_003.png,Mass,0,0.5185043811798096
00009378_003.png,Hernia,0,0.011546953581273556
00009431_012.png,Atelectasis,0,0.5252405405044556
00009431_012.png,Consolidation,0,0.5625070333480835
00009431_012.png,Infiltration,0,0.5855765342712402
00009431_012.png,Pneumothorax,0,0.521232008934021
00009431_012.png,Edema,0,0.22444792091846466
00009431_012.png,Emphysema,0,0.507057785987854
00009431_012.png,Fibrosis,0,0.5404244065284729
00009431_012.png,Effusion,0,0.6896103620529175
00009431_012.png,Pneumonia,0,0.4061916172504425
00009431_012.png,Pleural_Thickening,0,0.5535222291946411
00009431_012.png,Cardiomegaly,0,0.11063144356012344
00009431_012.png,Nodule,0,0.5236523151397705
00009431_012.png,Mass,0,0.6761823892593384
00009431_012.png,Hernia,0,0.0024503408931195736
00009584_006.png,Atelectasis,0,0.03372858464717865
00009584_006.png,Consolidation,0,0.054137490689754486
00009584_006.png,Infiltration,0,0.3926521837711334
00009584_006.png,Pneumothorax,0,0.11988416314125061
00009584_006.png,Edema,0,0.00045742292422801256
00009584_006.png,Emphysema,0,0.0950857624411583
00009584_006.png,Fibrosis,0,0.5015847682952881
00009584_006.png,Effusion,0,0.009472502395510674
00009584_006.png,Pneumonia,0,0.005017718765884638
00009584_006.png,Pleural_Thickening,0,0.18460442125797272
00009584_006.png,Cardiomegaly,0,0.0019643339328467846
00009584_006.png,Nodule,0,0.19513453543186188
00009584_006.png,Mass,0,0.08784164488315582
00009584_006.png,Hernia,0,0.016388608142733574
00009609_005.png,Atelectasis,1,0.5246284008026123
00009609_005.png,Consolidation,0,0.45073410868644714
00009609_005.png,Infiltration,0,0.36612793803215027
00009609_005.png,Pneumothorax,0,0.4921342730522156
00009609_005.png,Edema,0,0.053254202008247375
00009609_005.png,Emphysema,0,0.5010620355606079
00009609_005.png,Fibrosis,1,0.5009294748306274
00009609_005.png,Effusion,0,0.29960113763809204
00009609_005.png,Pneumonia,0,0.02955089882016182
00009609_005.png,Pleural_Thickening,0,0.3795985281467438
00009609_005.png,Cardiomegaly,0,0.05336254462599754
00009609_005.png,Nodule,0,0.5005872249603271
00009609_005.png,Mass,0,0.5176059007644653
00009609_005.png,Hernia,0,0.04832955449819565
00009698_000.png,Atelectasis,0,0.006445189006626606
00009698_000.png,Consolidation,0,0.08659076690673828
00009698_000.png,Infiltration,0,0.5164310932159424
00009698_000.png,Pneumothorax,0,0.11164393275976181
00009698_000.png,Edema,0,0.00026221302687190473
00009698_000.png,Emphysema,0,0.01866939105093479
00009698_000.png,Fibrosis,0,0.10889089852571487
00009698_000.png,Effusion,0,0.015033002942800522
00009698_000.png,Pneumonia,0,0.0029242802411317825
00009698_000.png,Pleural_Thickening,0,0.052333585917949677
00009698_000.png,Cardiomegaly,0,0.0051378849893808365
00009698_000.png,Nodule,0,0.05614129453897476
00009698_000.png,Mass,0,0.044551245868206024
00009698_000.png,Hernia,0,0.00020382182265166193
00009822_001.png,Atelectasis,0,0.048723090440034866
00009822_001.png,Consolidation,0,0.20559099316596985
00009822_001.png,Infiltration,1,0.3895542621612549
00009822_001.png,Pneumothorax,0,0.4021833539009094
00009822_001.png,Edema,1,0.08911539614200592
00009822_001.png,Emphysema,0,0.5002338886260986
00009822_001.png,Fibrosis,0,0.2860678732395172
00009822_001.png,Effusion,1,0.014798540621995926
00009822_001.png,Pneumonia,0,0.06574227660894394
00009822_001.png,Pleural_Thickening,0,0.04761616885662079
00009822_001.png,Cardiomegaly,0,0.015661638230085373
00009822_001.png,Nodule,0,0.5283653140068054
00009822_001.png,Mass,0,0.5050628185272217
00009822_001.png,Hernia,0,0.00027188772219233215
00009991_000.png,Atelectasis,0,0.11629964411258698
00009991_000.png,Consolidation,0,0.05191182717680931
00009991_000.png,Infiltration,0,0.17188051342964172
00009991_000.png,Pneumothorax,0,0.04301733896136284
00009991_000.png,Edema,0,0.001535138231702149
00009991_000.png,Emphysema,0,0.29737889766693115
00009991_000.png,Fibrosis,0,0.3732062876224518
00009991_000.png,Effusion,0,0.01423312071710825
00009991_000.png,Pneumonia,0,0.0005395449115894735
00009991_000.png,Pleural_Thickening,0,0.0945664644241333
00009991_000.png,Cardiomegaly,0,0.006548658013343811
00009991_000.png,Nodule,0,0.30121856927871704
00009991_000.png,Mass,0,0.3322208821773529
00009991_000.png,Hernia,0,0.00925859808921814
00010239_000.png,Atelectasis,0,0.07002510875463486
00010239_000.png,Consolidation,0,0.06615297496318817
00010239_000.png,Infiltration,0,0.4506687819957733
00010239_000.png,Pneumothorax,0,0.06972335278987885
00010239_000.png,Edema,0,0.0010750608053058386
00010239_000.png,Emphysema,0,0.04013844579458237
00010239_000.png,Fibrosis,0,0.5024626851081848
00010239_000.png,Effusion,0,0.02075369283556938
00010239_000.png,Pneumonia,0,0.009034289047122002
00010239_000.png,Pleural_Thickening,0,0.16452471911907196
00010239_000.png,Cardiomegaly,0,0.002637053607031703
00010239_000.png,Nodule,0,0.2226479947566986
00010239_000.png,Mass,0,0.11145598441362381
00010239_000.png,Hernia,0,0.002057199366390705
00010294_021.png,Atelectasis,0,0.5346373915672302
00010294_021.png,Consolidation,0,0.5530006885528564
00010294_021.png,Infiltration,0,0.5120350122451782
00010294_021.png,Pneumothorax,0,0.5117685794830322
00010294_021.png,Edema,1,0.5047898292541504
00010294_021.png,Emphysema,0,0.5017362833023071
00010294_021.png,Fibrosis,0,0.503694474697113
00010294_021.png,Effusion,0,0.5238214731216431
00010294_021.png,Pneumonia,1,0.522550106048584
00010294_021.png,Pleural_Thickening,0,0.5162585377693176
00010294_021.png,Cardiomegaly,0,0.10959344357252121
00010294_021.png,Nodule,0,0.5057128071784973
00010294_021.png,Mass,0,0.5666795372962952
00010294_021.png,Hernia,0,0.012192895635962486
00010294_022.png,Atelectasis,0,0.3699105679988861
00010294_022.png,Consolidation,0,0.508055567741394
00010294_022.png,Infiltration,0,0.539364218711853
00010294_022.png,Pneumothorax,0,0.4060705006122589
00010294_022.png,Edema,0,0.47086507081985474
00010294_022.png,Emphysema,0,0.5017592310905457
00010294_022.png,Fibrosis,0,0.5149365663528442
00010294_022.png,Effusion,0,0.19002550840377808
00010294_022.png,Pneumonia,0,0.08487333357334137
00010294_022.png,Pleural_Thickening,0,0.38232845067977905
00010294_022.png,Cardiomegaly,0,0.14648860692977905
00010294_022.png,Nodule,0,0.64323490858078
00010294_022.png,Mass,0,0.6208974123001099
00010294_022.png,Hernia,0,0.008969387039542198
00010308_011.png,Atelectasis,0,0.19275401532649994
00010308_011.png,Consolidation,0,0.5372467041015625
00010308_011.png,Infiltration,1,0.6039578318595886
00010308_011.png,Pneumothorax,0,0.5021979808807373
00010308_011.png,Edema,0,0.04687168449163437
00010308_011.png,Emphysema,0,0.3144383132457733
00010308_011.png,Fibrosis,0,0.6169490814208984
00010308_011.png,Effusion,1,0.20805387198925018
00010308_011.png,Pneumonia,1,0.5068156123161316
00010308_011.png,Pleural_Thickening,0,0.52298903465271
00010308_011.png,Cardiomegaly,0,0.016351552680134773
00010308_011.png,Nodule,0,0.5995242595672607
00010308_011.png,Mass,0,0.5403522253036499
00010308_011.png,Hernia,0,0.0020060339011251926
00010352_022.png,Atelectasis,0,0.17881818115711212
00010352_022.png,Consolidation,0,0.14377908408641815
00010352_022.png,Infiltration,1,0.3282366991043091
00010352_022.png,Pneumothorax,0,0.5001646876335144
00010352_022.png,Edema,1,0.11061571538448334
00010352_022.png,Emphysema,0,0.45703375339508057
00010352_022.png,Fibrosis,0,0.08682136237621307
00010352_022.png,Effusion,0,0.0217689648270607
00010352_022.png,Pneumonia,1,0.19881056249141693
00010352_022.png,Pleural_Thickening,0,0.047007858753204346
00010352_022.png,Cardiomegaly,0,0.010001448914408684
00010352_022.png,Nodule,0,0.5128071308135986
00010352_022.png,Mass,0,0.3796583116054535
00010352_022.png,Hernia,0,0.002022821456193924
00010413_001.png,Atelectasis,0,0.0011968201724812388
00010413_001.png,Consolidation,0,0.036473359912633896
00010413_001.png,Infiltration,0,0.4047662615776062
00010413_001.png,Pneumothorax,0,0.09801718592643738
00010413_001.png,Edema,0,0.00032007499248720706
00010413_001.png,Emphysema,0,0.30338552594184875
00010413_001.png,Fibrosis,0,0.17575235664844513
00010413_001.png,Effusion,0,0.00873172003775835
00010413_001.png,Pneumonia,0,0.005528808105736971
00010413_001.png,Pleural_Thickening,0,0.06174198538064957
00010413_001.png,Cardiomegaly,0,0.0073465099558234215
00010413_001.png,Nodule,0,0.08970467001199722
00010413_001.png,Mass,0,0.09267991781234741
00010413_001.png,Hernia,0,0.00016329440404661
00010427_014.png,Atelectasis,0,0.43865665793418884
00010427_014.png,Consolidation,0,0.5228043794631958
00010427_014.png,Infiltration,0,0.6496933102607727
00010427_014.png,Pneumothorax,0,0.5055186748504639
00010427_014.png,Edema,1,0.45005449652671814
00010427_014.png,Emphysema,0,0.5061036348342896
00010427_014.png,Fibrosis,0,0.6126703023910522
00010427_014.png,Effusion,0,0.21549177169799805
00010427_014.png,Pneumonia,1,0.4412044286727905
00010427_014.png,Pleural_Thickening,0,0.5003456473350525
00010427_014.png,Cardiomegaly,0,0.05304746329784393
00010427_014.png,Nodule,0,0.7578859329223633
00010427_014.png,Mass,0,0.6929084062576294
00010427_014.png,Hernia,0,0.008547167293727398
00010443_000.png,Atelectasis,0,0.1385418176651001
00010443_000.png,Consolidation,0,0.19455865025520325
00010443_000.png,Infiltration,0,0.31161507964134216
00010443_000.png,Pneumothorax,0,0.5030547380447388
00010443_000.png,Edema,0,0.0004649851471185684
00010443_000.png,Emphysema,0,0.5003147125244141
00010443_000.png,Fibrosis,0,0.5070022344589233
00010443_000.png,Effusion,0,0.3103112280368805
00010443_000.png,Pneumonia,0,0.0006894077523611486
00010443_000.png,Pleural_Thickening,0,0.32303136587142944
00010443_000.png,Cardiomegaly,0,0.0029614565428346395
00010443_000.png,Nodule,0,0.4486694633960724
00010443_000.png,Mass,0,0.5042660236358643
00010443_000.png,Hernia,0,0.007118836976587772
00011397_000.png,Atelectasis,0,0.06127404794096947
00011397_000.png,Consolidation,0,0.10223715752363205
00011397_000.png,Infiltration,0,0.5233102440834045
00011397_000.png,Pneumothorax,0,0.14628402888774872
00011397_000.png,Edema,0,0.0022206888534128666
00011397_000.png,Emphysema,0,0.02500622160732746
00011397_000.png,Fibrosis,0,0.5018400549888611
00011397_000.png,Effusion,0,0.01668173260986805
00011397_000.png,Pneumonia,0,0.018342895433306694
00011397_000.png,Pleural_Thickening,0,0.15005815029144287
00011397_000.png,Cardiomegaly,0,0.0019028440583497286
00011397_000.png,Nodule,0,0.38080617785453796
00011397_000.png,Mass,0,0.3306950330734253
00011397_000.png,Hernia,0,0.0016698024701327085
00011402_007.png,Atelectasis,1,0.5673640966415405
00011402_007.png,Consolidation,1,0.5081777572631836
00011402_007.png,Infiltration,1,0.37583601474761963
00011402_007.png,Pneumothorax,0,0.09986226260662079
00011402_007.png,Edema,0,0.5143490433692932
00011402_007.png,Emphysema,0,0.2494080662727356
00011402_007.png,Fibrosis,0,0.1446758359670639
00011402_007.png,Effusion,1,0.40033581852912903
00011402_007.png,Pneumonia,1,0.522248387336731
00011402_007.png,Pleural_Thickening,0,0.22181853652000427
00011402_007.png,Cardiomegaly,1,0.5593826770782471
00011402_007.png,Nodule,0,0.07974769920110703
00011402_007.png,Mass,0,0.19874675571918488
00011402_007.png,Hernia,0,0.27485954761505127
00011457_005.png,Atelectasis,0,0.5032559633255005
00011457_005.png,Consolidation,0,0.1590212881565094
00011457_005.png,Infiltration,0,0.5170443654060364
00011457_005.png,Pneumothorax,0,0.1131782978773117
00011457_005.png,Edema,0,0.014086436480283737
00011457_005.png,Emphysema,0,0.13813747465610504
00011457_005.png,Fibrosis,0,0.5051800608634949
00011457_005.png,Effusion,0,0.027644826099276543
00011457_005.png,Pneumonia,0,0.05984807759523392
00011457_005.png,Pleural_Thickening,0,0.1555720865726471
00011457_005.png,Cardiomegaly,0,0.0073124864138662815
00011457_005.png,Nodule,0,0.5057700276374817
00011457_005.png,Mass,0,0.36098966002464294
00011457_005.png,Hernia,0,0.0027387116570025682
00011583_000.png,Atelectasis,0,0.5708750486373901
00011583_000.png,Consolidation,0,0.5215166211128235
00011583_000.png,Infiltration,1,0.5735235214233398
00011583_000.png,Pneumothorax,0,0.5015296936035156
00011583_000.png,Edema,0,0.12017011642456055
00011583_000.png,Emphysema,0,0.5013962984085083
00011583_000.png,Fibrosis,0,0.6176320314407349
00011583_000.png,Effusion,0,0.5876104831695557
00011583_000.png,Pneumonia,1,0.219631165266037
00011583_000.png,Pleural_Thickening,0,0.5443784594535828
00011583_000.png,Cardiomegaly,0,0.5056211948394775
00011583_000.png,Nodule,0,0.5161771774291992
00011583_000.png,Mass,0,0.5179015398025513
00011583_000.png,Hernia,0,0.05786826089024544
00011583_007.png,Atelectasis,0,0.5296538472175598
00011583_007.png,Consolidation,0,0.6163671612739563
00011583_007.png,Infiltration,1,0.6290147304534912
00011583_007.png,Pneumothorax,0,0.5199708342552185
00011583_007.png,Edema,1,0.517346978187561
00011583_007.png,Emphysema,0,0.5012128353118896
00011583_007.png,Fibrosis,0,0.5217838287353516
00011583_007.png,Effusion,0,0.7814134359359741
00011583_007.png,Pneumonia,1,0.5607085227966309
00011583_007.png,Pleural_Thickening,0,0.5092869997024536
00011583_007.png,Cardiomegaly,0,0.534828245639801
00011583_007.png,Nodule,0,0.518628716468811
00011583_007.png,Mass,0,0.7009561061859131
00011583_007.png,Hernia,0,0.002458894858136773
00011592_001.png,Atelectasis,0,0.0380774587392807
00011592_001.png,Consolidation,0,0.07714351266622543
00011592_001.png,Infiltration,0,0.5227854251861572
00011592_001.png,Pneumothorax,0,0.3050234317779541
00011592_001.png,Edema,0,0.0035506077110767365
00011592_001.png,Emphysema,0,0.5005357265472412
00011592_001.png,Fibrosis,0,0.5102845430374146
00011592_001.png,Effusion,0,0.033569686114788055
00011592_001.png,Pneumonia,1,0.016415977850556374
00011592_001.png,Pleural_Thickening,1,0.500778317451477
00011592_001.png,Cardiomegaly,0,0.00521876709535718
00011592_001.png,Nodule,0,0.3770987093448639
00011592_001.png,Mass,0,0.1879446804523468
00011592_001.png,Hernia,0,0.011041411198675632
00011752_023.png,Atelectasis,0,0.5334663391113281
00011752_023.png,Consolidation,0,0.5082756280899048
00011752_023.png,Infiltration,0,0.5206037759780884
00011752_023.png,Pneumothorax,0,0.5230562090873718
00011752_023.png,Edema,0,0.013646095991134644
00011752_023.png,Emphysema,1,0.5014676451683044
00011752_023.png,Fibrosis,0,0.5503020286560059
00011752_023.png,Effusion,1,0.6663023233413696
00011752_023.png,Pneumonia,0,0.03738442808389664
00011752_023.png,Pleural_Thickening,0,0.530632495880127
00011752_023.png,Cardiomegaly,0,0.06556541472673416
00011752_023.png,Nodule,0,0.5026005506515503
00011752_023.png,Mass,0,0.5159810185432434
00011752_023.png,Hernia,0,0.01612626016139984
00011752_024.png,Atelectasis,0,0.5519179105758667
00011752_024.png,Consolidation,0,0.5125142335891724
00011752_024.png,Infiltration,0,0.506151020526886
00011752_024.png,Pneumothorax,0,0.5225685834884644
00011752_024.png,Edema,0,0.013032417744398117
00011752_024.png,Emphysema,1,0.5018776059150696
00011752_024.png,Fibrosis,0,0.5455876588821411
00011752_024.png,Effusion,0,0.7829914093017578
00011752_024.png,Pneumonia,0,0.041070036590099335
00011752_024.png,Pleural_Thickening,0,0.5581773519515991
00011752_024.png,Cardiomegaly,0,0.10561078786849976
00011752_024.png,Nodule,0,0.5072780251502991
00011752_024.png,Mass,0,0.5259333252906799
00011752_024.png,Hernia,0,0.02593989111483097
00011948_006.png,Atelectasis,0,0.2605889141559601
00011948_006.png,Consolidation,0,0.28139007091522217
00011948_006.png,Infiltration,1,0.38425973057746887
00011948_006.png,Pneumothorax,0,0.21850067377090454
00011948_006.png,Edema,1,0.2994972765445709
00011948_006.png,Emphysema,0,0.5005371570587158
00011948_006.png,Fibrosis,0,0.5015153884887695
00011948_006.png,Effusion,0,0.06016206741333008
00011948_006.png,Pneumonia,0,0.22971095144748688
00011948_006.png,Pleural_Thickening,0,0.1282922625541687
00011948_006.png,Cardiomegaly,0,0.23797504603862762
00011948_006.png,Nodule,0,0.5092301964759827
00011948_006.png,Mass,0,0.5034250020980835
00011948_006.png,Hernia,0,0.0019526744727045298
00011961_000.png,Atelectasis,0,0.14377941191196442
00011961_000.png,Consolidation,0,0.08127152919769287
00011961_000.png,Infiltration,0,0.20675082504749298
00011961_000.png,Pneumothorax,0,0.016868900507688522
00011961_000.png,Edema,0,0.0004106136620976031
00011961_000.png,Emphysema,0,0.5001181960105896
00011961_000.png,Fibrosis,0,0.5011690855026245
00011961_000.png,Effusion,0,0.016353538259863853
00011961_000.png,Pneumonia,0,0.000742199772503227
00011961_000.png,Pleural_Thickening,0,0.08265642821788788
00011961_000.png,Cardiomegaly,0,0.00990716740489006
00011961_000.png,Nodule,0,0.3667691648006439
00011961_000.png,Mass,0,0.2644158601760864
00011961_000.png,Hernia,0,0.008074726909399033
00011966_016.png,Atelectasis,0,0.5782585144042969
00011966_016.png,Consolidation,0,0.5014351606369019
00011966_016.png,Infiltration,1,0.5044378042221069
00011966_016.png,Pneumothorax,0,0.5014024972915649
00011966_016.png,Edema,1,0.25231626629829407
00011966_016.png,Emphysema,0,0.5015194416046143
00011966_016.png,Fibrosis,0,0.5055956244468689
00011966_016.png,Effusion,0,0.196401908993721
00011966_016.png,Pneumonia,1,0.5001847147941589
00011966_016.png,Pleural_Thickening,0,0.35551151633262634
00011966_016.png,Cardiomegaly,0,0.03994935750961304
00011966_016.png,Nodule,0,0.511669933795929
00011966_016.png,Mass,0,0.5109461545944214
00011966_016.png,Hernia,0,0.01462060771882534
00012043_007.png,Atelectasis,0,0.5233243703842163
00012043_007.png,Consolidation,0,0.42310139536857605
00012043_007.png,Infiltration,0,0.5294831991195679
00012043_007.png,Pneumothorax,0,0.5013828277587891
00012043_007.png,Edema,0,0.006093774456530809
00012043_007.png,Emphysema,0,0.14719989895820618
00012043_007.png,Fibrosis,0,0.5189131498336792
00012043_007.png,Effusion,0,0.5266308784484863
00012043_007.png,Pneumonia,0,0.06548084318637848
00012043_007.png,Pleural_Thickening,0,0.525249719619751
00012043_007.png,Cardiomegaly,0,0.014836419373750687
00012043_007.png,Nodule,0,0.5068169236183167
00012043_007.png,Mass,0,0.506708025932312
00012043_007.png,Hernia,0,0.0034293262287974358
00012211_000.png,Atelectasis,1,0.07291922718286514
00012211_000.png,Consolidation,0,0.07109036296606064
00012211_000.png,Infiltration,0,0.5235019326210022
00012211_000.png,Pneumothorax,0,0.08109260350465775
00012211_000.png,Edema,0,0.0046572270803153515
00012211_000.png,Emphysema,0,0.13593672215938568
00012211_000.png,Fibrosis,0,0.5018694996833801
00012211_000.png,Effusion,0,0.02844354137778282
00012211_000.png,Pneumonia,1,0.009045153856277466
00012211_000.png,Pleural_Thickening,0,0.17787159979343414
00012211_000.png,Cardiomegaly,0,0.014403238892555237
00012211_000.png,Nodule,0,0.5008381605148315
00012211_000.png,Mass,0,0.40227246284484863
00012211_000.png,Hernia,0,0.0016047889366745949
00012315_000.png,Atelectasis,0,0.10735975950956345
00012315_000.png,Consolidation,0,0.10302244871854782
00012315_000.png,Infiltration,0,0.45181408524513245
00012315_000.png,Pneumothorax,0,0.25693070888519287
00012315_000.png,Edema,0,0.02050165832042694
00012315_000.png,Emphysema,0,0.281983882188797
00012315_000.png,Fibrosis,0,0.38169553875923157
00012315_000.png,Effusion,0,0.02904452569782734
00012315_000.png,Pneumonia,0,0.007038016337901354
00012315_000.png,Pleural_Thickening,0,0.13146987557411194
00012315_000.png,Cardiomegaly,0,0.00868819747120142
00012315_000.png,Nodule,0,0.5004790425300598
00012315_000.png,Mass,0,0.47374266386032104
00012315_000.png,Hernia,0,0.004208704456686974
00012315_022.png,Atelectasis,0,0.12526461482048035
00012315_022.png,Consolidation,0,0.4564395248889923
00012315_022.png,Infiltration,0,0.5376002788543701
00012315_022.png,Pneumothorax,1,0.5129889249801636
00012315_022.png,Edema,0,0.011851765215396881
00012315_022.png,Emphysema,0,0.501004159450531
00012315_022.png,Fibrosis,0,0.5416304469108582
00012315_022.png,Effusion,0,0.18229693174362183
00012315_022.png,Pneumonia,0,0.12971071898937225
00012315_022.png,Pleural_Thickening,0,0.5402270555496216
00012315_022.png,Cardiomegaly,0,0.02170626074075699
00012315_022.png,Nodule,0,0.553353488445282
00012315_022.png,Mass,0,0.5506358742713928
00012315_022.png,Hernia,0,0.021194666624069214
00012408_000.png,Atelectasis,0,0.11977707594633102
00012408_000.png,Consolidation,0,0.06428010016679764
00012408_000.png,Infiltration,0,0.5217174291610718
00012408_000.png,Pneumothorax,0,0.07566468417644501
00012408_000.png,Edema,0,0.0016657072119414806
00012408_000.png,Emphysema,0,0.022029349580407143
00012408_000.png,Fibrosis,0,0.500508189201355
00012408_000.png,Effusion,0,0.017536669969558716
00012408_000.png,Pneumonia,0,0.010577576234936714
00012408_000.png,Pleural_Thickening,0,0.07704083621501923
00012408_000.png,Cardiomegaly,0,0.0069577316753566265
00012408_000.png,Nodule,0,0.4456118941307068
00012408_000.png,Mass,0,0.24979107081890106
00012408_000.png,Hernia,0,0.0006375688826665282
00012557_000.png,Atelectasis,1,0.06872686743736267
00012557_000.png,Consolidation,0,0.05664686858654022
00012557_000.png,Infiltration,0,0.5082197785377502
00012557_000.png,Pneumothorax,0,0.21902425587177277
00012557_000.png,Edema,0,0.001299418625421822
00012557_000.png,Emphysema,0,0.5009397268295288
00012557_000.png,Fibrosis,0,0.5105159282684326
00012557_000.png,Effusion,0,0.041703157126903534
00012557_000.png,Pneumonia,0,0.0064870743080973625
00012557_000.png,Pleural_Thickening,0,0.5002196431159973
00012557_000.png,Cardiomegaly,0,0.006055314559489489
00012557_000.png,Nodule,0,0.48812544345855713
00012557_000.png,Mass,0,0.29484495520591736
00012557_000.png,Hernia,0,0.009040390141308308
00012593_000.png,Atelectasis,0,0.05501418560743332
00012593_000.png,Consolidation,0,0.1032629981637001
00012593_000.png,Infiltration,0,0.5137789249420166
00012593_000.png,Pneumothorax,0,0.2960702180862427
00012593_000.png,Edema,0,0.00106636225245893
00012593_000.png,Emphysema,0,0.45126965641975403
00012593_000.png,Fibrosis,0,0.502625584602356
00012593_000.png,Effusion,0,0.03675461560487747
00012593_000.png,Pneumonia,0,0.025567978620529175
00012593_000.png,Pleural_Thickening,0,0.247847318649292
00012593_000.png,Cardiomegaly,0,0.006224373821169138
00012593_000.png,Nodule,0,0.2161599099636078
00012593_000.png,Mass,0,0.15544144809246063
00012593_000.png,Hernia,0,0.012621883302927017
00012719_010.png,Atelectasis,0,0.06647089123725891
00012719_010.png,Consolidation,0,0.05686253309249878
00012719_010.png,Infiltration,0,0.5131715536117554
00012719_010.png,Pneumothorax,0,0.1065264567732811
00012719_010.png,Edema,0,0.0022052021231502295
00012719_010.png,Emphysema,0,0.22617574036121368
00012719_010.png,Fibrosis,0,0.5061153769493103
00012719_010.png,Effusion,0,0.04094458743929863
00012719_010.png,Pneumonia,0,0.009626657702028751
00012719_010.png,Pleural_Thickening,0,0.4135953187942505
00012719_010.png,Cardiomegaly,0,0.005331777036190033
00012719_010.png,Nodule,0,0.33811652660369873
00012719_010.png,Mass,0,0.4490591585636139
00012719_010.png,Hernia,0,0.20778398215770721
00013052_007.png,Atelectasis,1,0.4732016921043396
00013052_007.png,Consolidation,1,0.17027701437473297
00013052_007.png,Infiltration,0,0.5502575635910034
00013052_007.png,Pneumothorax,1,0.12244115024805069
00013052_007.png,Edema,0,0.0033754317555576563
00013052_007.png,Emphysema,0,0.0357508659362793
00013052_007.png,Fibrosis,0,0.5038573741912842
00013052_007.png,Effusion,0,0.06245797127485275
00013052_007.png,Pneumonia,0,0.06586644053459167
00013052_007.png,Pleural_Thickening,0,0.21179746091365814
00013052_007.png,Cardiomegaly,0,0.02632308192551136
00013052_007.png,Nodule,0,0.2639907896518707
00013052_007.png,Mass,0,0.2957881987094879
00013052_007.png,Hernia,0,0.007962371222674847
00013055_001.png,Atelectasis,0,0.5030802488327026
00013055_001.png,Consolidation,0,0.11482589691877365
00013055_001.png,Infiltration,0,0.3343191146850586
00013055_001.png,Pneumothorax,0,0.13509075343608856
00013055_001.png,Edema,0,0.007461659610271454
00013055_001.png,Emphysema,0,0.2892966866493225
00013055_001.png,Fibrosis,0,0.40759435296058655
00013055_001.png,Effusion,0,0.03873370960354805
00013055_001.png,Pneumonia,0,0.005394558422267437
00013055_001.png,Pleural_Thickening,0,0.058572638779878616
00013055_001.png,Cardiomegaly,0,0.0043758731335401535
00013055_001.png,Nodule,0,0.503636360168457
00013055_001.png,Mass,0,0.47867268323898315
00013055_001.png,Hernia,0,0.0018941540038213134
00013111_022.png,Atelectasis,1,0.27332308888435364
00013111_022.png,Consolidation,1,0.6060351133346558
00013111_022.png,Infiltration,0,0.7274765968322754
00013111_022.png,Pneumothorax,0,0.5064270496368408
00013111_022.png,Edema,0,0.5106973052024841
00013111_022.png,Emphysema,0,0.5000333786010742
00013111_022.png,Fibrosis,0,0.5571646690368652
00013111_022.png,Effusion,0,0.5249494910240173
00013111_022.png,Pneumonia,1,0.5514026880264282
00013111_022.png,Pleural_Thickening,0,0.5131444931030273
00013111_022.png,Cardiomegaly,0,0.17965930700302124
00013111_022.png,Nodule,1,0.6035175323486328
00013111_022.png,Mass,0,0.6616067886352539
00013111_022.png,Hernia,0,0.005128218326717615
00013111_030.png,Atelectasis,1,0.5176582932472229
00013111_030.png,Consolidation,0,0.5384328365325928
00013111_030.png,Infiltration,1,0.6275372505187988
00013111_030.png,Pneumothorax,0,0.5184876918792725
00013111_030.png,Edema,0,0.5015354156494141
00013111_030.png,Emphysema,0,0.5004971623420715
00013111_030.png,Fibrosis,0,0.5029515027999878
00013111_030.png,Effusion,0,0.5305263996124268
00013111_030.png,Pneumonia,1,0.5470884442329407
00013111_030.png,Pleural_Thickening,0,0.4484116733074188
00013111_030.png,Cardiomegaly,0,0.1233714148402214
00013111_030.png,Nodule,0,0.5034882426261902
00013111_030.png,Mass,0,0.5766088962554932
00013111_030.png,Hernia,0,0.25368377566337585
00013111_052.png,Atelectasis,0,0.18900790810585022
00013111_052.png,Consolidation,0,0.5119458436965942
00013111_052.png,Infiltration,0,0.5257796049118042
00013111_052.png,Pneumothorax,0,0.5194568037986755
00013111_052.png,Edema,0,0.10557891428470612
00013111_052.png,Emphysema,1,0.390733003616333
00013111_052.png,Fibrosis,0,0.5003512501716614
00013111_052.png,Effusion,0,0.11522285640239716
00013111_052.png,Pneumonia,0,0.16744506359100342
00013111_052.png,Pleural_Thickening,0,0.3940156102180481
00013111_052.png,Cardiomegaly,0,0.006149965338408947
00013111_052.png,Nodule,1,0.5122944116592407
00013111_052.png,Mass,0,0.5249766111373901
00013111_052.png,Hernia,0,0.005977533757686615
00013111_072.png,Atelectasis,1,0.376812219619751
00013111_072.png,Consolidation,0,0.40990015864372253
00013111_072.png,Infiltration,1,0.5513825416564941
00013111_072.png,Pneumothorax,0,0.5006453394889832
00013111_072.png,Edema,0,0.058520056307315826
00013111_072.png,Emphysema,1,0.5022313594818115
00013111_072.png,Fibrosis,0,0.546348512172699
00013111_072.png,Effusion,0,0.42092257738113403
00013111_072.png,Pneumonia,0,0.06661655008792877
00013111_072.png,Pleural_Thickening,0,0.5352716445922852
00013111_072.png,Cardiomegaly,0,0.5028879642486572
00013111_072.png,Nodule,0,0.5117886662483215
00013111_072.png,Mass,0,0.5283355712890625
00013111_072.png,Hernia,0,0.04308978095650673
00013111_077.png,Atelectasis,1,0.17774423956871033
00013111_077.png,Consolidation,0,0.24783417582511902
00013111_077.png,Infiltration,0,0.5626445412635803
00013111_077.png,Pneumothorax,0,0.2175019383430481
00013111_077.png,Edema,0,0.013612322509288788
00013111_077.png,Emphysema,1,0.39113888144493103
00013111_077.png,Fibrosis,0,0.5243103504180908
00013111_077.png,Effusion,0,0.10103028267621994
00013111_077.png,Pneumonia,1,0.20770694315433502
00013111_077.png,Pleural_Thickening,0,0.5264253616333008
00013111_077.png,Cardiomegaly,0,0.050908878445625305
00013111_077.png,Nodule,0,0.5231976509094238
00013111_077.png,Mass,0,0.5139997005462646
00013111_077.png,Hernia,0,0.5094420909881592
00013111_111.png,Atelectasis,1,0.5471073389053345
00013111_111.png,Consolidation,0,0.5422002673149109
00013111_111.png,Infiltration,0,0.5648066997528076
00013111_111.png,Pneumothorax,0,0.5298815965652466
00013111_111.png,Edema,0,0.18346582353115082
00013111_111.png,Emphysema,0,0.5017129182815552
00013111_111.png,Fibrosis,0,0.511877715587616
00013111_111.png,Effusion,0,0.7277435660362244
00013111_111.png,Pneumonia,0,0.10085450857877731
00013111_111.png,Pleural_Thickening,0,0.5396530628204346
00013111_111.png,Cardiomegaly,0,0.2339535504579544
00013111_111.png,Nodule,0,0.5056380033493042
00013111_111.png,Mass,0,0.5908056497573853
00013111_111.png,Hernia,0,0.02375389263033867
00013214_006.png,Atelectasis,0,0.02443760447204113
00013214_006.png,Consolidation,0,0.03761901333928108
00013214_006.png,Infiltration,0,0.4756414294242859
00013214_006.png,Pneumothorax,0,0.5019758939743042
00013214_006.png,Edema,0,0.0002916004741564393
00013214_006.png,Emphysema,0,0.5000380873680115
00013214_006.png,Fibrosis,0,0.48592716455459595
00013214_006.png,Effusion,0,0.014021066017448902
00013214_006.png,Pneumonia,0,0.0018406957387924194
00013214_006.png,Pleural_Thickening,0,0.13692134618759155
00013214_006.png,Cardiomegaly,0,0.00032772094709798694
00013214_006.png,Nodule,0,0.2272748500108719
00013214_006.png,Mass,0,0.367262065410614
00013214_006.png,Hernia,0,0.0009606184321455657
00013256_005.png,Atelectasis,0,0.09093120694160461
00013256_005.png,Consolidation,0,0.0496685653924942
00013256_005.png,Infiltration,0,0.407115638256073
00013256_005.png,Pneumothorax,0,0.06346418708562851
00013256_005.png,Edema,0,0.009004236198961735
00013256_005.png,Emphysema,0,0.05488705635070801
00013256_005.png,Fibrosis,0,0.12036552280187607
00013256_005.png,Effusion,0,0.00618424266576767
00013256_005.png,Pneumonia,0,0.013956787995994091
00013256_005.png,Pleural_Thickening,0,0.025610212236642838
00013256_005.png,Cardiomegaly,0,0.005017844960093498
00013256_005.png,Nodule,0,0.25894513726234436
00013256_005.png,Mass,0,0.11495103687047958
00013256_005.png,Hernia,0,0.0015145071083679795
00013259_005.png,Atelectasis,0,0.6396253108978271
00013259_005.png,Consolidation,0,0.5491650104522705
00013259_005.png,Infiltration,0,0.5133635997772217
00013259_005.png,Pneumothorax,0,0.5215364694595337
00013259_005.png,Edema,0,0.07544519752264023
00013259_005.png,Emphysema,0,0.5017711520195007
00013259_005.png,Fibrosis,0,0.5231616497039795
00013259_005.png,Effusion,0,0.7982122898101807
00013259_005.png,Pneumonia,0,0.0053039961494505405
00013259_005.png,Pleural_Thickening,0,0.54570472240448
00013259_005.png,Cardiomegaly,0,0.4945668876171112
00013259_005.png,Nodule,0,0.5242704153060913
00013259_005.png,Mass,0,0.6854065656661987
00013259_005.png,Hernia,0,0.02927274815738201
00013260_008.png,Atelectasis,0,0.1685461699962616
00013260_008.png,Consolidation,0,0.07465066760778427
00013260_008.png,Infiltration,0,0.4632393717765808
00013260_008.png,Pneumothorax,0,0.08020521700382233
00013260_008.png,Edema,0,0.06155577301979065
00013260_008.png,Emphysema,0,0.16249540448188782
00013260_008.png,Fibrosis,0,0.05584180727601051
00013260_008.png,Effusion,0,0.03209657222032547
00013260_008.png,Pneumonia,0,0.024882594123482704
00013260_008.png,Pleural_Thickening,0,0.0270007885992527
00013260_008.png,Cardiomegaly,0,0.3517950773239136
00013260_008.png,Nodule,0,0.1694989651441574
00013260_008.png,Mass,0,0.07500020414590836
00013260_008.png,Hernia,0,0.0024079657159745693
00013310_002.png,Atelectasis,0,0.22400419414043427
00013310_002.png,Consolidation,0,0.5118411183357239
00013310_002.png,Infiltration,0,0.5856250524520874
00013310_002.png,Pneumothorax,0,0.5062603950500488
00013310_002.png,Edema,0,0.1831398606300354
00013310_002.png,Emphysema,0,0.5022942423820496
00013310_002.png,Fibrosis,0,0.543136715888977
00013310_002.png,Effusion,1,0.24164080619812012
00013310_002.png,Pneumonia,0,0.11119826883077621
00013310_002.png,Pleural_Thickening,1,0.5027114152908325
00013310_002.png,Cardiomegaly,0,0.03541835770010948
00013310_002.png,Nodule,0,0.5664793252944946
00013310_002.png,Mass,0,0.592484176158905
00013310_002.png,Hernia,0,0.001171957585029304
00013310_051.png,Atelectasis,0,0.2350434511899948
00013310_051.png,Consolidation,0,0.5585695505142212
00013310_051.png,Infiltration,0,0.696766197681427
00013310_051.png,Pneumothorax,1,0.5064325332641602
00013310_051.png,Edema,0,0.5084809064865112
00013310_051.png,Emphysema,1,0.4444129467010498
00013310_051.png,Fibrosis,0,0.540637731552124
00013310_051.png,Effusion,0,0.4343990981578827
00013310_051.png,Pneumonia,0,0.2739165425300598
00013310_051.png,Pleural_Thickening,0,0.5112292766571045
00013310_051.png,Cardiomegaly,0,0.351785808801651
00013310_051.png,Nodule,0,0.6458427906036377
00013310_051.png,Mass,0,0.6380758285522461
00013310_051.png,Hernia,0,0.0057070013135671616
00013310_058.png,Atelectasis,0,0.19963937997817993
00013310_058.png,Consolidation,0,0.5803446173667908
00013310_058.png,Infiltration,0,0.7312748432159424
00013310_058.png,Pneumothorax,1,0.5096909999847412
00013310_058.png,Edema,0,0.5237460136413574
00013310_058.png,Emphysema,1,0.5007686614990234
00013310_058.png,Fibrosis,0,0.5750186443328857
00013310_058.png,Effusion,0,0.21315544843673706
00013310_058.png,Pneumonia,0,0.5588562488555908
00013310_058.png,Pleural_Thickening,0,0.5121002197265625
00013310_058.png,Cardiomegaly,0,0.23874357342720032
00013310_058.png,Nodule,0,0.6502236127853394
00013310_058.png,Mass,0,0.6068458557128906
00013310_058.png,Hernia,0,0.0006320895627140999
00013534_010.png,Atelectasis,1,0.5702665448188782
00013534_010.png,Consolidation,0,0.457940936088562
00013534_010.png,Infiltration,0,0.5063499212265015
00013534_010.png,Pneumothorax,1,0.5050031542778015
00013534_010.png,Edema,0,0.03678278997540474
00013534_010.png,Emphysema,0,0.5018711090087891
00013534_010.png,Fibrosis,1,0.5610368251800537
00013534_010.png,Effusion,1,0.7585842609405518
00013534_010.png,Pneumonia,0,0.11172717809677124
00013534_010.png,Pleural_Thickening,0,0.5523053407669067
00013534_010.png,Cardiomegaly,0,0.18282382190227509
00013534_010.png,Nodule,0,0.5034749507904053
00013534_010.png,Mass,0,0.3974081873893738
00013534_010.png,Hernia,0,0.059443261474370956
00013582_000.png,Atelectasis,0,0.0012554926797747612
00013582_000.png,Consolidation,0,0.028540456667542458
00013582_000.png,Infiltration,0,0.16395923495292664
00013582_000.png,Pneumothorax,0,0.05824592709541321
00013582_000.png,Edema,0,2.6485749913263135e-05
00013582_000.png,Emphysema,0,0.022470738738775253
00013582_000.png,Fibrosis,1,0.08423074334859848
00013582_000.png,Effusion,0,0.007817870937287807
00013582_000.png,Pneumonia,0,3.8443955418188125e-05
00013582_000.png,Pleural_Thickening,0,0.04014094918966293
00013582_000.png,Cardiomegaly,0,0.0026594973169267178
00013582_000.png,Nodule,0,0.0672016590833664
00013582_000.png,Mass,0,0.06434809416532516
00013582_000.png,Hernia,0,0.00021569980890490115
00013591_005.png,Atelectasis,0,0.09134820103645325
00013591_005.png,Consolidation,0,0.07764191180467606
00013591_005.png,Infiltration,0,0.5198420286178589
00013591_005.png,Pneumothorax,0,0.271992564201355
00013591_005.png,Edema,0,0.0048665134236216545
00013591_005.png,Emphysema,0,0.1880461871623993
00013591_005.png,Fibrosis,0,0.5042810440063477
00013591_005.png,Effusion,1,0.05900348722934723
00013591_005.png,Pneumonia,1,0.013416454195976257
00013591_005.png,Pleural_Thickening,0,0.31089428067207336
00013591_005.png,Cardiomegaly,0,0.0066175456158816814
00013591_005.png,Nodule,0,0.43187519907951355
00013591_005.png,Mass,0,0.26577028632164
00013591_005.png,Hernia,0,0.011805509217083454
00013896_000.png,Atelectasis,0,0.5779849290847778
00013896_000.png,Consolidation,0,0.5749996900558472
00013896_000.png,Infiltration,0,0.5282217264175415
00013896_000.png,Pneumothorax,0,0.5118024945259094
00013896_000.png,Edema,0,0.2237250953912735
00013896_000.png,Emphysema,0,0.5000298023223877
00013896_000.png,Fibrosis,0,0.5292549133300781
00013896_000.png,Effusion,0,0.7738637328147888
00013896_000.png,Pneumonia,0,0.5201466083526611
00013896_000.png,Pleural_Thickening,0,0.5335706472396851
00013896_000.png,Cardiomegaly,0,0.1647583395242691
00013896_000.png,Nodule,0,0.5163987874984741
00013896_000.png,Mass,0,0.618667721748352
00013896_000.png,Hernia,0,0.01021001860499382
00014058_006.png,Atelectasis,1,0.24273262917995453
00014058_006.png,Consolidation,0,0.1392619013786316
00014058_006.png,Infiltration,0,0.551979660987854
00014058_006.png,Pneumothorax,0,0.05305759236216545
00014058_006.png,Edema,0,0.000785619136877358
00014058_006.png,Emphysema,0,0.24943791329860687
00014058_006.png,Fibrosis,0,0.5031760334968567
00014058_006.png,Effusion,0,0.03780052810907364
00014058_006.png,Pneumonia,1,0.012121167965233326
00014058_006.png,Pleural_Thickening,0,0.16306424140930176
00014058_006.png,Cardiomegaly,0,0.0034036028664559126
00014058_006.png,Nodule,0,0.5022754073143005
00014058_006.png,Mass,0,0.5007529258728027
00014058_006.png,Hernia,0,0.003641635412350297
00014251_004.png,Atelectasis,0,0.5087301731109619
00014251_004.png,Consolidation,0,0.5713025331497192
00014251_004.png,Infiltration,1,0.636682391166687
00014251_004.png,Pneumothorax,1,0.5044183731079102
00014251_004.png,Edema,0,0.08220592141151428
00014251_004.png,Emphysema,0,0.5004633665084839
00014251_004.png,Fibrosis,0,0.5485097765922546
00014251_004.png,Effusion,0,0.3013693392276764
00014251_004.png,Pneumonia,0,0.5076428055763245
00014251_004.png,Pleural_Thickening,0,0.5062078833580017
00014251_004.png,Cardiomegaly,0,0.10904234647750854
00014251_004.png,Nodule,0,0.5544115304946899
00014251_004.png,Mass,1,0.7157778143882751
00014251_004.png,Hernia,0,0.0036521947477012873
00014251_022.png,Atelectasis,0,0.5092699527740479
00014251_022.png,Consolidation,0,0.6036591529846191
00014251_022.png,Infiltration,0,0.5559355020523071
00014251_022.png,Pneumothorax,1,0.5089983940124512
00014251_022.png,Edema,0,0.1226549968123436
00014251_022.png,Emphysema,0,0.5001941323280334
00014251_022.png,Fibrosis,0,0.5619139671325684
00014251_022.png,Effusion,1,0.7255735397338867
00014251_022.png,Pneumonia,0,0.16788220405578613
00014251_022.png,Pleural_Thickening,0,0.5795252323150635
00014251_022.png,Cardiomegaly,0,0.1450851708650589
00014251_022.png,Nodule,0,0.5726256370544434
00014251_022.png,Mass,1,0.6940076351165771
00014251_022.png,Hernia,0,0.00042963962187059224
00014316_000.png,Atelectasis,0,0.5799212455749512
00014316_000.png,Consolidation,0,0.6385332345962524
00014316_000.png,Infiltration,0,0.6577630043029785
00014316_000.png,Pneumothorax,0,0.5152630805969238
00014316_000.png,Edema,0,0.5731430053710938
00014316_000.png,Emphysema,0,0.5003930330276489
00014316_000.png,Fibrosis,0,0.5171698331832886
00014316_000.png,Effusion,1,0.8302080631256104
00014316_000.png,Pneumonia,0,0.7650598883628845
00014316_000.png,Pleural_Thickening,0,0.5081590414047241
00014316_000.png,Cardiomegaly,1,0.5428348779678345
00014316_000.png,Nodule,0,0.5195533633232117
00014316_000.png,Mass,0,0.5974202156066895
00014316_000.png,Hernia,0,0.00367619376629591
00014387_010.png,Atelectasis,0,0.5248890519142151
00014387_010.png,Consolidation,0,0.5270135402679443
00014387_010.png,Infiltration,1,0.5513322353363037
00014387_010.png,Pneumothorax,0,0.5235755443572998
00014387_010.png,Edema,0,0.03398488461971283
00014387_010.png,Emphysema,0,0.5005289912223816
00014387_010.png,Fibrosis,0,0.5544370412826538
00014387_010.png,Effusion,1,0.5797824859619141
00014387_010.png,Pneumonia,0,0.39867478609085083
00014387_010.png,Pleural_Thickening,0,0.5610435605049133
00014387_010.png,Cardiomegaly,0,0.048268191516399384
00014387_010.png,Nodule,1,0.522052526473999
00014387_010.png,Mass,1,0.6089086532592773
00014387_010.png,Hernia,0,0.026564402505755424
00014429_007.png,Atelectasis,0,0.5209481716156006
00014429_007.png,Consolidation,0,0.5076720714569092
00014429_007.png,Infiltration,1,0.5797646045684814
00014429_007.png,Pneumothorax,0,0.5028364658355713
00014429_007.png,Edema,1,0.510521650314331
00014429_007.png,Emphysema,0,0.502433180809021
00014429_007.png,Fibrosis,0,0.5569078326225281
00014429_007.png,Effusion,0,0.23388321697711945
00014429_007.png,Pneumonia,1,0.16286088526248932
00014429_007.png,Pleural_Thickening,0,0.42952582240104675
00014429_007.png,Cardiomegaly,0,0.5482043623924255
00014429_007.png,Nodule,0,0.5351002216339111
00014429_007.png,Mass,0,0.5251415967941284
00014429_007.png,Hernia,0,0.0199421476572752
00014530_001.png,Atelectasis,0,0.16021303832530975
00014530_001.png,Consolidation,0,0.07054487615823746
00014530_001.png,Infiltration,1,0.521652102470398
00014530_001.png,Pneumothorax,0,0.12256329506635666
00014530_001.png,Edema,0,0.0008087272872217
00014530_001.png,Emphysema,0,0.03505624830722809
00014530_001.png,Fibrosis,0,0.5029160976409912
00014530_001.png,Effusion,0,0.026805132627487183
00014530_001.png,Pneumonia,0,0.0021081073209643364
00014530_001.png,Pleural_Thickening,0,0.16138331592082977
00014530_001.png,Cardiomegaly,0,0.0025771637447178364
00014530_001.png,Nodule,1,0.3033319115638733
00014530_001.png,Mass,0,0.2874605357646942
00014530_001.png,Hernia,0,0.01858750730752945
00014546_004.png,Atelectasis,0,0.544397234916687
00014546_004.png,Consolidation,0,0.5327229499816895
00014546_004.png,Infiltration,0,0.5247107744216919
00014546_004.png,Pneumothorax,0,0.5213614106178284
00014546_004.png,Edema,0,0.01867530681192875
00014546_004.png,Emphysema,0,0.5011534094810486
00014546_004.png,Fibrosis,0,0.5426271557807922
00014546_004.png,Effusion,0,0.598966121673584
00014546_004.png,Pneumonia,0,0.03454073891043663
00014546_004.png,Pleural_Thickening,0,0.5727063417434692
00014546_004.png,Cardiomegaly,0,0.12851184606552124
00014546_004.png,Nodule,0,0.5274429321289062
00014546_004.png,Mass,0,0.6331632137298584
00014546_004.png,Hernia,0,0.014009998179972172
00014597_000.png,Atelectasis,0,0.5505621433258057
00014597_000.png,Consolidation,0,0.16312715411186218
00014597_000.png,Infiltration,0,0.5158942937850952
00014597_000.png,Pneumothorax,0,0.29511186480522156
00014597_000.png,Edema,0,0.0034323367290198803
00014597_000.png,Emphysema,0,0.0718018040060997
00014597_000.png,Fibrosis,0,0.5150104761123657
00014597_000.png,Effusion,0,0.11665366590023041
00014597_000.png,Pneumonia,0,0.0625571608543396
00014597_000.png,Pleural_Thickening,0,0.5012821555137634
00014597_000.png,Cardiomegaly,0,0.03345414623618126
00014597_000.png,Nodule,0,0.5011085867881775
00014597_000.png,Mass,0,0.3271116018295288
00014597_000.png,Hernia,0,0.021311303600668907
00014624_000.png,Atelectasis,0,0.013021914288401604
00014624_000.png,Consolidation,0,0.06159809231758118
00014624_000.png,Infiltration,0,0.4973001480102539
00014624_000.png,Pneumothorax,0,0.12888263165950775
00014624_000.png,Edema,0,0.0012457009870558977
00014624_000.png,Emphysema,0,0.0601949468255043
00014624_000.png,Fibrosis,1,0.37002596259117126
00014624_000.png,Effusion,0,0.03586386889219284
00014624_000.png,Pneumonia,0,0.009540866129100323
00014624_000.png,Pleural_Thickening,1,0.33236801624298096
00014624_000.png,Cardiomegaly,0,0.016494255512952805
00014624_000.png,Nodule,0,0.10380163788795471
00014624_000.png,Mass,0,0.025193845853209496
00014624_000.png,Hernia,0,0.0005673182895407081
00014677_002.png,Atelectasis,0,0.010602375492453575
00014677_002.png,Consolidation,0,0.03552032634615898
00014677_002.png,Infiltration,0,0.35065796971321106
00014677_002.png,Pneumothorax,0,0.2246638983488083
00014677_002.png,Edema,0,0.004645524080842733
00014677_002.png,Emphysema,0,0.15520523488521576
00014677_002.png,Fibrosis,0,0.13220424950122833
00014677_002.png,Effusion,0,0.00915283802896738
00014677_002.png,Pneumonia,0,0.0007248367182910442
00014677_002.png,Pleural_Thickening,0,0.05142315849661827
00014677_002.png,Cardiomegaly,0,0.0033527109771966934
00014677_002.png,Nodule,0,0.19806896150112152
00014677_002.png,Mass,0,0.05627993121743202
00014677_002.png,Hernia,0,0.00166098412591964
00014827_007.png,Atelectasis,0,0.09384439140558243
00014827_007.png,Consolidation,0,0.12998802959918976
00014827_007.png,Infiltration,0,0.5295282602310181
00014827_007.png,Pneumothorax,0,0.5010991096496582
00014827_007.png,Edema,0,0.0018493819516152143
00014827_007.png,Emphysema,0,0.4136853814125061
00014827_007.png,Fibrosis,0,0.5019937753677368
00014827_007.png,Effusion,0,0.05675847455859184
00014827_007.png,Pneumonia,0,0.02512223646044731
00014827_007.png,Pleural_Thickening,0,0.2913995683193207
00014827_007.png,Cardiomegaly,0,0.005376077257096767
00014827_007.png,Nodule,0,0.3442995846271515
00014827_007.png,Mass,0,0.2883746922016144
00014827_007.png,Hernia,0,0.00333380326628685
00015068_017.png,Atelectasis,0,0.5094250440597534
00015068_017.png,Consolidation,0,0.5030125379562378
00015068_017.png,Infiltration,0,0.5438027381896973
00015068_017.png,Pneumothorax,0,0.500903844833374
00015068_017.png,Edema,0,0.12601152062416077
00015068_017.png,Emphysema,0,0.047025494277477264
00015068_017.png,Fibrosis,0,0.3526363968849182
00015068_017.png,Effusion,0,0.364981085062027
00015068_017.png,Pneumonia,0,0.16995912790298462
00015068_017.png,Pleural_Thickening,0,0.4777163565158844
00015068_017.png,Cardiomegaly,0,0.2145402580499649
00015068_017.png,Nodule,0,0.43225231766700745
00015068_017.png,Mass,0,0.5547240972518921
00015068_017.png,Hernia,0,0.5322811603546143
00015143_000.png,Atelectasis,0,0.4648251235485077
00015143_000.png,Consolidation,0,0.1710483580827713
00015143_000.png,Infiltration,0,0.5016862154006958
00015143_000.png,Pneumothorax,0,0.2559763193130493
00015143_000.png,Edema,0,0.010502899996936321
00015143_000.png,Emphysema,0,0.5001732707023621
00015143_000.png,Fibrosis,0,0.5093594193458557
00015143_000.png,Effusion,0,0.10100863128900528
00015143_000.png,Pneumonia,0,0.009123085997998714
00015143_000.png,Pleural_Thickening,0,0.48536500334739685
00015143_000.png,Cardiomegaly,0,0.08606958389282227
00015143_000.png,Nodule,0,0.5015602111816406
00015143_000.png,Mass,0,0.5012830495834351
00015143_000.png,Hernia,0,0.12789402902126312
00015196_005.png,Atelectasis,1,0.3628239631652832
00015196_005.png,Consolidation,0,0.5139800310134888
00015196_005.png,Infiltration,0,0.5334494113922119
00015196_005.png,Pneumothorax,1,0.5056864619255066
00015196_005.png,Edema,0,0.021340137347579002
00015196_005.png,Emphysema,0,0.5010098218917847
00015196_005.png,Fibrosis,0,0.5153778791427612
00015196_005.png,Effusion,0,0.5383783578872681
00015196_005.png,Pneumonia,0,0.011841475032269955
00015196_005.png,Pleural_Thickening,0,0.506184458732605
00015196_005.png,Cardiomegaly,0,0.10537329316139221
00015196_005.png,Nodule,0,0.5438708066940308
00015196_005.png,Mass,1,0.8932907581329346
00015196_005.png,Hernia,0,0.006047730799764395
00015205_001.png,Atelectasis,0,0.5296450853347778
00015205_001.png,Consolidation,0,0.4760085642337799
00015205_001.png,Infiltration,0,0.502875030040741
00015205_001.png,Pneumothorax,0,0.5001457929611206
00015205_001.png,Edema,1,0.2630085349082947
00015205_001.png,Emphysema,0,0.3533132076263428
00015205_001.png,Fibrosis,0,0.09924476593732834
00015205_001.png,Effusion,0,0.12197621911764145
00015205_001.png,Pneumonia,0,0.5025455951690674
00015205_001.png,Pleural_Thickening,0,0.13870573043823242
00015205_001.png,Cardiomegaly,0,0.05804372578859329
00015205_001.png,Nodule,0,0.5061818361282349
00015205_001.png,Mass,0,0.5057267546653748
00015205_001.png,Hernia,0,0.013133040629327297
00015401_014.png,Atelectasis,0,0.5134490728378296
00015401_014.png,Consolidation,0,0.5400810241699219
00015401_014.png,Infiltration,1,0.6649511456489563
00015401_014.png,Pneumothorax,0,0.5088813900947571
00015401_014.png,Edema,0,0.5409647226333618
00015401_014.png,Emphysema,0,0.501563310623169
00015401_014.png,Fibrosis,0,0.5279677510261536
00015401_014.png,Effusion,0,0.5341657996177673
00015401_014.png,Pneumonia,1,0.765947699546814
00015401_014.png,Pleural_Thickening,0,0.5337153673171997
00015401_014.png,Cardiomegaly,0,0.3156268298625946
00015401_014.png,Nodule,0,0.5415197014808655
00015401_014.png,Mass,0,0.56764817237854
00015401_014.png,Hernia,0,0.18443401157855988
00015495_014.png,Atelectasis,0,0.558141827583313
00015495_014.png,Consolidation,1,0.2227727323770523
00015495_014.png,Infiltration,1,0.501732349395752
00015495_014.png,Pneumothorax,0,0.11605467647314072
00015495_014.png,Edema,0,0.010669849812984467
00015495_014.png,Emphysema,0,0.13970917463302612
00015495_014.png,Fibrosis,0,0.511536717414856
00015495_014.png,Effusion,0,0.5124175548553467
00015495_014.png,Pneumonia,0,0.0386403389275074
00015495_014.png,Pleural_Thickening,0,0.504938542842865
00015495_014.png,Cardiomegaly,0,0.5247934460639954
00015495_014.png,Nodule,1,0.5022165775299072
00015495_014.png,Mass,1,0.5067437887191772
00015495_014.png,Hernia,0,0.03182799369096756
00015553_003.png,Atelectasis,0,0.029743177816271782
00015553_003.png,Consolidation,0,0.03921665623784065
00015553_003.png,Infiltration,0,0.5135029554367065
00015553_003.png,Pneumothorax,0,0.043885935097932816
00015553_003.png,Edema,0,0.02952028065919876
00015553_003.png,Emphysema,0,0.06913121789693832
00015553_003.png,Fibrosis,0,0.09386201202869415
00015553_003.png,Effusion,0,0.021664544939994812
00015553_003.png,Pneumonia,0,0.009779311716556549
00015553_003.png,Pleural_Thickening,0,0.035189177840948105
00015553_003.png,Cardiomegaly,0,0.10326279699802399
00015553_003.png,Nodule,0,0.11355843394994736
00015553_003.png,Mass,0,0.032525621354579926
00015553_003.png,Hernia,0,0.0012263412354514003
00015826_010.png,Atelectasis,0,0.0406489372253418
00015826_010.png,Consolidation,0,0.035853687673807144
00015826_010.png,Infiltration,0,0.21795149147510529
00015826_010.png,Pneumothorax,0,0.021962961181998253
00015826_010.png,Edema,0,7.517304038628936e-05
00015826_010.png,Emphysema,0,0.12589222192764282
00015826_010.png,Fibrosis,0,0.04266678914427757
00015826_010.png,Effusion,0,0.004214950371533632
00015826_010.png,Pneumonia,0,8.187776984414086e-05
00015826_010.png,Pleural_Thickening,0,0.010103714652359486
00015826_010.png,Cardiomegaly,0,0.0008638881263323128
00015826_010.png,Nodule,0,0.23204264044761658
00015826_010.png,Mass,0,0.20368598401546478
00015826_010.png,Hernia,0,0.000992024433799088
00015826_029.png,Atelectasis,0,0.5550052523612976
00015826_029.png,Consolidation,0,0.4335028827190399
00015826_029.png,Infiltration,1,0.5487176179885864
00015826_029.png,Pneumothorax,0,0.2391452044248581
00015826_029.png,Edema,0,0.00887857936322689
00015826_029.png,Emphysema,0,0.19418951869010925
00015826_029.png,Fibrosis,0,0.533833384513855
00015826_029.png,Effusion,0,0.1575000137090683
00015826_029.png,Pneumonia,1,0.0625772476196289
00015826_029.png,Pleural_Thickening,0,0.5024676322937012
00015826_029.png,Cardiomegaly,0,0.11172404140233994
00015826_029.png,Nodule,0,0.5311804413795471
00015826_029.png,Mass,0,0.5309945940971375
00015826_029.png,Hernia,0,0.0097153065726161
00015826_031.png,Atelectasis,0,0.5200897455215454
00015826_031.png,Consolidation,1,0.1431722790002823
00015826_031.png,Infiltration,1,0.5118257999420166
00015826_031.png,Pneumothorax,0,0.12168260663747787
00015826_031.png,Edema,0,0.008587156422436237
00015826_031.png,Emphysema,0,0.1947256326675415
00015826_031.png,Fibrosis,0,0.5165574550628662
00015826_031.png,Effusion,0,0.10776747018098831
00015826_031.png,Pneumonia,0,0.03769842907786369
00015826_031.png,Pleural_Thickening,0,0.4078306257724762
00015826_031.png,Cardiomegaly,0,0.05548689141869545
00015826_031.png,Nodule,0,0.5125869512557983
00015826_031.png,Mass,0,0.5097651481628418
00015826_031.png,Hernia,0,0.015068260952830315
00015826_036.png,Atelectasis,0,0.5035805702209473
00015826_036.png,Consolidation,0,0.14416716992855072
00015826_036.png,Infiltration,0,0.515705943107605
00015826_036.png,Pneumothorax,0,0.24600180983543396
00015826_036.png,Edema,0,0.00363141973502934
00015826_036.png,Emphysema,0,0.4306598901748657
00015826_036.png,Fibrosis,0,0.50927734375
00015826_036.png,Effusion,0,0.06735163182020187
00015826_036.png,Pneumonia,1,0.010222374461591244
00015826_036.png,Pleural_Thickening,0,0.2606561481952667
00015826_036.png,Cardiomegaly,0,0.028523830696940422
00015826_036.png,Nodule,0,0.5120676755905151
00015826_036.png,Mass,0,0.5066858530044556
00015826_036.png,Hernia,0,0.0049248565919697285
00015964_002.png,Atelectasis,0,0.06136130914092064
00015964_002.png,Consolidation,0,0.06873943656682968
00015964_002.png,Infiltration,0,0.21973863244056702
00015964_002.png,Pneumothorax,0,0.03350850194692612
00015964_002.png,Edema,0,0.005097915418446064
00015964_002.png,Emphysema,0,0.1738772988319397
00015964_002.png,Fibrosis,0,0.08680247515439987
00015964_002.png,Effusion,0,0.022797081619501114
00015964_002.png,Pneumonia,0,0.0008974603260867298
00015964_002.png,Pleural_Thickening,0,0.03864063322544098
00015964_002.png,Cardiomegaly,0,0.0890921950340271
00015964_002.png,Nodule,0,0.23978424072265625
00015964_002.png,Mass,0,0.13315124809741974
00015964_002.png,Hernia,0,0.0015797857195138931
00015968_000.png,Atelectasis,0,0.010827851481735706
00015968_000.png,Consolidation,0,0.08424234390258789
00015968_000.png,Infiltration,0,0.5069379210472107
00015968_000.png,Pneumothorax,0,0.28485074639320374
00015968_000.png,Edema,0,0.0003633779415395111
00015968_000.png,Emphysema,0,0.015450263395905495
00015968_000.png,Fibrosis,0,0.07274708896875381
00015968_000.png,Effusion,0,0.017620740458369255
00015968_000.png,Pneumonia,1,0.020046569406986237
00015968_000.png,Pleural_Thickening,0,0.053570009768009186
00015968_000.png,Cardiomegaly,0,0.005411868449300528
00015968_000.png,Nodule,0,0.09262723475694656
00015968_000.png,Mass,0,0.021967953070998192
00015968_000.png,Hernia,0,0.00018442021973896772
00015985_000.png,Atelectasis,0,0.4538085162639618
00015985_000.png,Consolidation,0,0.5352597236633301
00015985_000.png,Infiltration,0,0.544541597366333
00015985_000.png,Pneumothorax,0,0.4710477292537689
00015985_000.png,Edema,0,0.04454001411795616
00015985_000.png,Emphysema,0,0.12695743143558502
00015985_000.png,Fibrosis,0,0.5237220525741577
00015985_000.png,Effusion,1,0.6668449640274048
00015985_000.png,Pneumonia,0,0.04404045268893242
00015985_000.png,Pleural_Thickening,1,0.5533413290977478
00015985_000.png,Cardiomegaly,0,0.09255578368902206
00015985_000.png,Nodule,1,0.5337358713150024
00015985_000.png,Mass,1,0.6818649768829346
00015985_000.png,Hernia,0,0.10801809281110764
00015993_002.png,Atelectasis,0,0.19875700771808624
00015993_002.png,Consolidation,0,0.09754502028226852
00015993_002.png,Infiltration,0,0.5175141096115112
00015993_002.png,Pneumothorax,0,0.2739274501800537
00015993_002.png,Edema,0,0.005253836512565613
00015993_002.png,Emphysema,0,0.2147432118654251
00015993_002.png,Fibrosis,0,0.5078558921813965
00015993_002.png,Effusion,0,0.06219850853085518
00015993_002.png,Pneumonia,0,0.055410802364349365
00015993_002.png,Pleural_Thickening,0,0.4779469072818756
00015993_002.png,Cardiomegaly,0,0.006837948225438595
00015993_002.png,Nodule,0,0.5029151439666748
00015993_002.png,Mass,0,0.24438348412513733
00015993_002.png,Hernia,0,0.007824808359146118
00016376_005.png,Atelectasis,0,0.526897668838501
00016376_005.png,Consolidation,0,0.20628802478313446
00016376_005.png,Infiltration,0,0.5165546536445618
00016376_005.png,Pneumothorax,0,0.5009557008743286
00016376_005.png,Edema,0,0.013668046332895756
00016376_005.png,Emphysema,0,0.5000603199005127
00016376_005.png,Fibrosis,0,0.5351568460464478
00016376_005.png,Effusion,0,0.5122547745704651
00016376_005.png,Pneumonia,0,0.03279732167720795
00016376_005.png,Pleural_Thickening,0,0.512031078338623
00016376_005.png,Cardiomegaly,0,0.02510390244424343
00016376_005.png,Nodule,0,0.5003591179847717
00016376_005.png,Mass,0,0.398824006319046
00016376_005.png,Hernia,0,0.03014949895441532
00016391_000.png,Atelectasis,0,0.5069113969802856
00016391_000.png,Consolidation,0,0.20504306256771088
00016391_000.png,Infiltration,0,0.5405945777893066
00016391_000.png,Pneumothorax,0,0.2070125788450241
00016391_000.png,Edema,0,0.06061788648366928
00016391_000.png,Emphysema,0,0.17572003602981567
00016391_000.png,Fibrosis,0,0.5076614618301392
00016391_000.png,Effusion,1,0.1709478348493576
00016391_000.png,Pneumonia,0,0.1348869949579239
00016391_000.png,Pleural_Thickening,0,0.39318183064460754
00016391_000.png,Cardiomegaly,1,0.4556623101234436
00016391_000.png,Nodule,0,0.45241066813468933
00016391_000.png,Mass,0,0.3238799273967743
00016391_000.png,Hernia,0,0.014954189769923687
00016404_008.png,Atelectasis,0,0.40896204113960266
00016404_008.png,Consolidation,0,0.2707664668560028
00016404_008.png,Infiltration,0,0.5294525623321533
00016404_008.png,Pneumothorax,0,0.3311867415904999
00016404_008.png,Edema,0,0.0013969596475362778
00016404_008.png,Emphysema,0,0.06949983537197113
00016404_008.png,Fibrosis,0,0.5001037120819092
00016404_008.png,Effusion,0,0.15987460315227509
00016404_008.png,Pneumonia,0,0.04797639697790146
00016404_008.png,Pleural_Thickening,0,0.3173157572746277
00016404_008.png,Cardiomegaly,0,0.004683862440288067
00016404_008.png,Nodule,1,0.4949701428413391
00016404_008.png,Mass,0,0.5100053548812866
00016404_008.png,Hernia,0,0.00569338770583272
00016410_005.png,Atelectasis,0,0.51210618019104
00016410_005.png,Consolidation,0,0.5047205686569214
00016410_005.png,Infiltration,0,0.5150057077407837
00016410_005.png,Pneumothorax,0,0.524991512298584
00016410_005.png,Edema,1,0.10154981911182404
00016410_005.png,Emphysema,0,0.5051801800727844
00016410_005.png,Fibrosis,0,0.5108516216278076
00016410_005.png,Effusion,0,0.414420485496521
00016410_005.png,Pneumonia,1,0.12748312950134277
00016410_005.png,Pleural_Thickening,0,0.5134855508804321
00016410_005.png,Cardiomegaly,0,0.012215818278491497
00016410_005.png,Nodule,0,0.5251166820526123
00016410_005.png,Mass,0,0.5401109457015991
00016410_005.png,Hernia,0,0.026857003569602966
00016410_023.png,Atelectasis,0,0.22458872199058533
00016410_023.png,Consolidation,0,0.16738365590572357
00016410_023.png,Infiltration,0,0.5108296871185303
00016410_023.png,Pneumothorax,0,0.500898540019989
00016410_023.png,Edema,0,0.04212573543190956
00016410_023.png,Emphysema,0,0.5006681680679321
00016410_023.png,Fibrosis,0,0.5041232109069824
00016410_023.png,Effusion,0,0.038030222058296204
00016410_023.png,Pneumonia,0,0.21704666316509247
00016410_023.png,Pleural_Thickening,0,0.34205979108810425
00016410_023.png,Cardiomegaly,0,0.005583667196333408
00016410_023.png,Nodule,0,0.5303617715835571
00016410_023.png,Mass,0,0.5220577716827393
00016410_023.png,Hernia,0,0.029285460710525513
00016410_042.png,Atelectasis,1,0.5253745317459106
00016410_042.png,Consolidation,0,0.5548838973045349
00016410_042.png,Infiltration,0,0.5559391379356384
00016410_042.png,Pneumothorax,0,0.5229814052581787
00016410_042.png,Edema,0,0.13642826676368713
00016410_042.png,Emphysema,1,0.5018761157989502
00016410_042.png,Fibrosis,0,0.5144079923629761
00016410_042.png,Effusion,0,0.5937211513519287
00016410_042.png,Pneumonia,0,0.0701286569237709
00016410_042.png,Pleural_Thickening,0,0.5428793430328369
00016410_042.png,Cardiomegaly,0,0.06872398406267166
00016410_042.png,Nodule,0,0.5525064468383789
00016410_042.png,Mass,0,0.6467595100402832
00016410_042.png,Hernia,0,0.016365759074687958
00016425_000.png,Atelectasis,0,0.01583390310406685
00016425_000.png,Consolidation,0,0.11095768213272095
00016425_000.png,Infiltration,0,0.5123316645622253
00016425_000.png,Pneumothorax,0,0.3274514079093933
00016425_000.png,Edema,0,0.0003551710688043386
00016425_000.png,Emphysema,0,0.040881283581256866
00016425_000.png,Fibrosis,0,0.24515430629253387
00016425_000.png,Effusion,0,0.019816098734736443
00016425_000.png,Pneumonia,1,0.03363817557692528
00016425_000.png,Pleural_Thickening,0,0.16936816275119781
00016425_000.png,Cardiomegaly,0,0.0007519207429140806
00016425_000.png,Nodule,0,0.15446077287197113
00016425_000.png,Mass,0,0.06157800555229187
00016425_000.png,Hernia,0,0.00034841697197407484
00016522_001.png,Atelectasis,0,0.3021964132785797
00016522_001.png,Consolidation,1,0.5339735746383667
00016522_001.png,Infiltration,0,0.47960761189460754
00016522_001.png,Pneumothorax,0,0.5069199800491333
00016522_001.png,Edema,0,0.011800079606473446
00016522_001.png,Emphysema,0,0.2968309223651886
00016522_001.png,Fibrosis,0,0.52946937084198
00016522_001.png,Effusion,1,0.5769970417022705
00016522_001.png,Pneumonia,0,0.01827884279191494
00016522_001.png,Pleural_Thickening,0,0.5560855269432068
00016522_001.png,Cardiomegaly,0,0.018690934404730797
00016522_001.png,Nodule,0,0.5289179086685181
00016522_001.png,Mass,1,0.7794181704521179
00016522_001.png,Hernia,0,0.0016084074741229415
00016522_017.png,Atelectasis,0,0.5457913875579834
00016522_017.png,Consolidation,1,0.7182527780532837
00016522_017.png,Infiltration,0,0.5818556547164917
00016522_017.png,Pneumothorax,0,0.5257098078727722
00016522_017.png,Edema,0,0.5212506055831909
00016522_017.png,Emphysema,0,0.5008046627044678
00016522_017.png,Fibrosis,0,0.5302529335021973
00016522_017.png,Effusion,0,0.6127808094024658
00016522_017.png,Pneumonia,0,0.7671613693237305
00016522_017.png,Pleural_Thickening,0,0.5150974988937378
00016522_017.png,Cardiomegaly,0,0.0832735076546669
00016522_017.png,Nodule,0,0.5741132497787476
00016522_017.png,Mass,0,0.7467604875564575
00016522_017.png,Hernia,0,0.00022567604901269078
00016550_003.png,Atelectasis,0,0.009009473025798798
00016550_003.png,Consolidation,0,0.10789655148983002
00016550_003.png,Infiltration,0,0.5132496356964111
00016550_003.png,Pneumothorax,0,0.505005419254303
00016550_003.png,Edema,0,0.0020033703185617924
00016550_003.png,Emphysema,0,0.39607635140419006
00016550_003.png,Fibrosis,0,0.5024511814117432
00016550_003.png,Effusion,0,0.030583808198571205
00016550_003.png,Pneumonia,0,0.039846017956733704
00016550_003.png,Pleural_Thickening,0,0.5018506050109863
00016550_003.png,Cardiomegaly,0,0.0019125955877825618
00016550_003.png,Nodule,0,0.22955091297626495
00016550_003.png,Mass,0,0.06509116291999817
00016550_003.png,Hernia,0,0.000732532877009362
00016589_008.png,Atelectasis,0,0.11523238569498062
00016589_008.png,Consolidation,0,0.1026204526424408
00016589_008.png,Infiltration,0,0.3436743915081024
00016589_008.png,Pneumothorax,0,0.19722327589988708
00016589_008.png,Edema,0,0.04809711501002312
00016589_008.png,Emphysema,0,0.5001721382141113
00016589_008.png,Fibrosis,0,0.5004433989524841
00016589_008.png,Effusion,0,0.02484193816781044
00016589_008.png,Pneumonia,0,0.01182490773499012
00016589_008.png,Pleural_Thickening,0,0.10420610010623932
00016589_008.png,Cardiomegaly,0,0.046910837292671204
00016589_008.png,Nodule,0,0.5011646747589111
00016589_008.png,Mass,0,0.33841264247894287
00016589_008.png,Hernia,0,0.005315178073942661
00016793_000.png,Atelectasis,0,0.5917040109634399
00016793_000.png,Consolidation,0,0.4286523461341858
00016793_000.png,Infiltration,1,0.51972895860672
00016793_000.png,Pneumothorax,0,0.36392560601234436
00016793_000.png,Edema,0,0.0036298895720392466
00016793_000.png,Emphysema,0,0.012208700180053711
00016793_000.png,Fibrosis,0,0.5168246626853943
00016793_000.png,Effusion,0,0.5891633033752441
00016793_000.png,Pneumonia,1,0.05377013608813286
00016793_000.png,Pleural_Thickening,0,0.5470382571220398
00016793_000.png,Cardiomegaly,0,0.027746425941586494
00016793_000.png,Nodule,0,0.5017085075378418
00016793_000.png,Mass,1,0.539397120475769
00016793_000.png,Hernia,0,0.5259270668029785
00016825_000.png,Atelectasis,0,0.5728673934936523
00016825_000.png,Consolidation,0,0.5279151201248169
00016825_000.png,Infiltration,0,0.6402224898338318
00016825_000.png,Pneumothorax,0,0.507077693939209
00016825_000.png,Edema,0,0.23270940780639648
00016825_000.png,Emphysema,0,0.20572102069854736
00016825_000.png,Fibrosis,0,0.5666581392288208
00016825_000.png,Effusion,0,0.7376325130462646
00016825_000.png,Pneumonia,1,0.5056038498878479
00016825_000.png,Pleural_Thickening,0,0.5482354760169983
00016825_000.png,Cardiomegaly,0,0.5201322436332703
00016825_000.png,Nodule,0,0.5260410904884338
00016825_000.png,Mass,0,0.5206519365310669
00016825_000.png,Hernia,0,0.36928901076316833
00016825_002.png,Atelectasis,0,0.5910479426383972
00016825_002.png,Consolidation,0,0.5241665840148926
00016825_002.png,Infiltration,0,0.5183913111686707
00016825_002.png,Pneumothorax,0,0.502195417881012
00016825_002.png,Edema,1,0.20185428857803345
00016825_002.png,Emphysema,0,0.3666759431362152
00016825_002.png,Fibrosis,0,0.5136178731918335
00016825_002.png,Effusion,1,0.9271126389503479
00016825_002.png,Pneumonia,1,0.37141525745391846
00016825_002.png,Pleural_Thickening,0,0.5244008302688599
00016825_002.png,Cardiomegaly,0,0.5734052062034607
00016825_002.png,Nodule,0,0.5150966644287109
00016825_002.png,Mass,0,0.5092052817344666
00016825_002.png,Hernia,0,0.016480717808008194
00016841_009.png,Atelectasis,0,0.5117390155792236
00016841_009.png,Consolidation,0,0.1960964798927307
00016841_009.png,Infiltration,0,0.5374817848205566
00016841_009.png,Pneumothorax,0,0.4786496162414551
00016841_009.png,Edema,0,0.08641400188207626
00016841_009.png,Emphysema,0,0.26546499133110046
00016841_009.png,Fibrosis,0,0.5083016157150269
00016841_009.png,Effusion,0,0.3535422682762146
00016841_009.png,Pneumonia,0,0.08560090512037277
00016841_009.png,Pleural_Thickening,0,0.5030937194824219
00016841_009.png,Cardiomegaly,0,0.5143318176269531
00016841_009.png,Nodule,0,0.2746385633945465
00016841_009.png,Mass,0,0.1884487271308899
00016841_009.png,Hernia,0,0.05395513400435448
00016917_000.png,Atelectasis,0,0.07284325361251831
00016917_000.png,Consolidation,0,0.06303222477436066
00016917_000.png,Infiltration,0,0.511349081993103
00016917_000.png,Pneumothorax,0,0.19752384722232819
00016917_000.png,Edema,0,0.0006211618892848492
00016917_000.png,Emphysema,0,0.05602859705686569
00016917_000.png,Fibrosis,0,0.5047742128372192
00016917_000.png,Effusion,0,0.01750328205525875
00016917_000.png,Pneumonia,0,0.0127752386033535
00016917_000.png,Pleural_Thickening,0,0.24540235102176666
00016917_000.png,Cardiomegaly,0,0.00036484579322859645
00016917_000.png,Nodule,0,0.4610806107521057
00016917_000.png,Mass,0,0.38494357466697693
00016917_000.png,Hernia,0,0.02875380404293537
00016936_000.png,Atelectasis,0,0.27759692072868347
00016936_000.png,Consolidation,0,0.14325805008411407
00016936_000.png,Infiltration,0,0.5032170414924622
00016936_000.png,Pneumothorax,0,0.3361380398273468
00016936_000.png,Edema,0,0.0009648897685110569
00016936_000.png,Emphysema,0,0.13746562600135803
00016936_000.png,Fibrosis,0,0.5073370933532715
00016936_000.png,Effusion,0,0.050809718668460846
00016936_000.png,Pneumonia,1,0.03333496302366257
00016936_000.png,Pleural_Thickening,0,0.21736778318881989
00016936_000.png,Cardiomegaly,0,0.0012841066345572472
00016936_000.png,Nodule,0,0.27727842330932617
00016936_000.png,Mass,0,0.13874273002147675
00016936_000.png,Hernia,0,0.005258738528937101
00016937_002.png,Atelectasis,0,0.19110028445720673
00016937_002.png,Consolidation,0,0.1380406618118286
00016937_002.png,Infiltration,0,0.5120275020599365
00016937_002.png,Pneumothorax,1,0.3819221556186676
00016937_002.png,Edema,0,0.001428671763278544
00016937_002.png,Emphysema,0,0.501613974571228
00016937_002.png,Fibrosis,0,0.5465272665023804
00016937_002.png,Effusion,0,0.0413336455821991
00016937_002.png,Pneumonia,0,0.014660237357020378
00016937_002.png,Pleural_Thickening,0,0.5000631213188171
00016937_002.png,Cardiomegaly,0,0.002240978879854083
00016937_002.png,Nodule,1,0.5324854850769043
00016937_002.png,Mass,0,0.5006290078163147
00016937_002.png,Hernia,0,0.0152371721342206
00016937_016.png,Atelectasis,1,0.5094497203826904
00016937_016.png,Consolidation,0,0.4720104932785034
00016937_016.png,Infiltration,1,0.5331824421882629
00016937_016.png,Pneumothorax,1,0.5051140189170837
00016937_016.png,Edema,0,0.012852687388658524
00016937_016.png,Emphysema,1,0.5067583322525024
00016937_016.png,Fibrosis,0,0.5281005501747131
00016937_016.png,Effusion,0,0.5662031769752502
00016937_016.png,Pneumonia,0,0.011478336527943611
00016937_016.png,Pleural_Thickening,0,0.5124720335006714
00016937_016.png,Cardiomegaly,0,0.06832977384328842
00016937_016.png,Nodule,0,0.5086846351623535
00016937_016.png,Mass,1,0.6758174896240234
00016937_016.png,Hernia,0,0.05199016258120537
00016986_004.png,Atelectasis,0,0.26581117510795593
00016986_004.png,Consolidation,0,0.500322163105011
00016986_004.png,Infiltration,0,0.5262817740440369
00016986_004.png,Pneumothorax,0,0.37315118312835693
00016986_004.png,Edema,0,0.02064323239028454
00016986_004.png,Emphysema,0,0.5081644058227539
00016986_004.png,Fibrosis,0,0.2527270019054413
00016986_004.png,Effusion,0,0.24975834786891937
00016986_004.png,Pneumonia,0,0.00250040041282773
00016986_004.png,Pleural_Thickening,0,0.052684683352708817
00016986_004.png,Cardiomegaly,0,0.04594983160495758
00016986_004.png,Nodule,0,0.596584677696228
00016986_004.png,Mass,1,0.9790031313896179
00016986_004.png,Hernia,0,0.0026726198848336935
00016986_014.png,Atelectasis,0,0.5092484951019287
00016986_014.png,Consolidation,0,0.5368719100952148
00016986_014.png,Infiltration,1,0.5582319498062134
00016986_014.png,Pneumothorax,0,0.5062364339828491
00016986_014.png,Edema,0,0.49169671535491943
00016986_014.png,Emphysema,0,0.501136064529419
00016986_014.png,Fibrosis,0,0.5220581293106079
00016986_014.png,Effusion,0,0.43500369787216187
00016986_014.png,Pneumonia,0,0.3769821524620056
00016986_014.png,Pleural_Thickening,1,0.5100394487380981
00016986_014.png,Cardiomegaly,0,0.06342736631631851
00016986_014.png,Nodule,0,0.5767477750778198
00016986_014.png,Mass,1,0.8430737257003784
00016986_014.png,Hernia,0,0.12721768021583557
00017397_001.png,Atelectasis,0,0.5252138376235962
00017397_001.png,Consolidation,0,0.1740274578332901
00017397_001.png,Infiltration,0,0.5313176512718201
00017397_001.png,Pneumothorax,0,0.19346410036087036
00017397_001.png,Edema,0,0.001181514817290008
00017397_001.png,Emphysema,0,0.056684717535972595
00017397_001.png,Fibrosis,0,0.522969126701355
00017397_001.png,Effusion,0,0.08399546146392822
00017397_001.png,Pneumonia,0,0.011248014867305756
00017397_001.png,Pleural_Thickening,0,0.43151700496673584
00017397_001.png,Cardiomegaly,0,0.0013415636494755745
00017397_001.png,Nodule,0,0.3709697127342224
00017397_001.png,Mass,0,0.23660032451152802
00017397_001.png,Hernia,0,0.010877528227865696
00017484_008.png,Atelectasis,0,0.003772399155423045
00017484_008.png,Consolidation,0,0.04333201050758362
00017484_008.png,Infiltration,0,0.5173256397247314
00017484_008.png,Pneumothorax,0,0.09179797768592834
00017484_008.png,Edema,0,0.004544220399111509
00017484_008.png,Emphysema,0,0.01785217598080635
00017484_008.png,Fibrosis,0,0.051641546189785004
00017484_008.png,Effusion,0,0.019668472930788994
00017484_008.png,Pneumonia,0,0.02506846934556961
00017484_008.png,Pleural_Thickening,0,0.03693924471735954
00017484_008.png,Cardiomegaly,0,0.08329571783542633
00017484_008.png,Nodule,0,0.0631343200802803
00017484_008.png,Mass,0,0.00681149261072278
00017484_008.png,Hernia,0,2.88115788862342e-05
00017549_002.png,Atelectasis,1,0.550926685333252
00017549_002.png,Consolidation,0,0.5147968530654907
00017549_002.png,Infiltration,1,0.5764699578285217
00017549_002.png,Pneumothorax,0,0.38025543093681335
00017549_002.png,Edema,0,0.008585527539253235
00017549_002.png,Emphysema,0,0.07160834223031998
00017549_002.png,Fibrosis,0,0.5587316155433655
00017549_002.png,Effusion,0,0.5585076808929443
00017549_002.png,Pneumonia,1,0.03614375367760658
00017549_002.png,Pleural_Thickening,0,0.5494189262390137
00017549_002.png,Cardiomegaly,0,0.04121115431189537
00017549_002.png,Nodule,0,0.542585015296936
00017549_002.png,Mass,0,0.5741905570030212
00017549_002.png,Hernia,0,0.07203146815299988
00017605_000.png,Atelectasis,1,0.5734573602676392
00017605_000.png,Consolidation,0,0.45728230476379395
00017605_000.png,Infiltration,0,0.5574914216995239
00017605_000.png,Pneumothorax,0,0.28288915753364563
00017605_000.png,Edema,0,0.05247951298952103
00017605_000.png,Emphysema,0,0.19011078774929047
00017605_000.png,Fibrosis,0,0.5470801591873169
00017605_000.png,Effusion,0,0.5433434247970581
00017605_000.png,Pneumonia,1,0.19680246710777283
00017605_000.png,Pleural_Thickening,0,0.5421253442764282
00017605_000.png,Cardiomegaly,0,0.5063353776931763
00017605_000.png,Nodule,0,0.5098328590393066
00017605_000.png,Mass,0,0.541448175907135
00017605_000.png,Hernia,0,0.5789781808853149
00017652_000.png,Atelectasis,0,0.04636485129594803
00017652_000.png,Consolidation,0,0.04960702732205391
00017652_000.png,Infiltration,0,0.5414574146270752
00017652_000.png,Pneumothorax,0,0.07098733633756638
00017652_000.png,Edema,0,0.002269935794174671
00017652_000.png,Emphysema,0,0.06597445905208588
00017652_000.png,Fibrosis,0,0.5009394884109497
00017652_000.png,Effusion,0,0.012358545325696468
00017652_000.png,Pneumonia,1,0.012836212292313576
00017652_000.png,Pleural_Thickening,0,0.1910446137189865
00017652_000.png,Cardiomegaly,0,0.0023258954752236605
00017652_000.png,Nodule,0,0.3594557046890259
00017652_000.png,Mass,0,0.111601822078228
00017652_000.png,Hernia,0,0.0007905413513071835
00017714_011.png,Atelectasis,1,0.3839627504348755
00017714_011.png,Consolidation,1,0.5544885396957397
00017714_011.png,Infiltration,0,0.5940036773681641
00017714_011.png,Pneumothorax,0,0.516058087348938
00017714_011.png,Edema,0,0.5023854970932007
00017714_011.png,Emphysema,0,0.5020102262496948
00017714_011.png,Fibrosis,0,0.5088322758674622
00017714_011.png,Effusion,0,0.41953518986701965
00017714_011.png,Pneumonia,1,0.6540645360946655
00017714_011.png,Pleural_Thickening,0,0.45021703839302063
00017714_011.png,Cardiomegaly,0,0.12191963940858841
00017714_011.png,Nodule,0,0.5221267938613892
00017714_011.png,Mass,0,0.6120632886886597
00017714_011.png,Hernia,0,0.008646558970212936
00017714_019.png,Atelectasis,0,0.26605281233787537
00017714_019.png,Consolidation,0,0.2730264365673065
00017714_019.png,Infiltration,0,0.5130065679550171
00017714_019.png,Pneumothorax,0,0.5027076005935669
00017714_019.png,Edema,0,0.20410162210464478
00017714_019.png,Emphysema,0,0.386727899312973
00017714_019.png,Fibrosis,0,0.2047649323940277
00017714_019.png,Effusion,0,0.09639323502779007
00017714_019.png,Pneumonia,1,0.15338198840618134
00017714_019.png,Pleural_Thickening,0,0.06993888318538666
00017714_019.png,Cardiomegaly,0,0.03417626768350601
00017714_019.png,Nodule,0,0.5267754793167114
00017714_019.png,Mass,0,0.5161626935005188
00017714_019.png,Hernia,0,0.007839501835405827
00017714_033.png,Atelectasis,1,0.1252857744693756
00017714_033.png,Consolidation,0,0.10271818935871124
00017714_033.png,Infiltration,1,0.5163215398788452
00017714_033.png,Pneumothorax,0,0.1612444967031479
00017714_033.png,Edema,0,0.029255520552396774
00017714_033.png,Emphysema,0,0.15008403360843658
00017714_033.png,Fibrosis,0,0.3697343170642853
00017714_033.png,Effusion,0,0.06387113034725189
00017714_033.png,Pneumonia,0,0.003790150163695216
00017714_033.png,Pleural_Thickening,0,0.10769389569759369
00017714_033.png,Cardiomegaly,0,0.24965617060661316
00017714_033.png,Nodule,0,0.17040522396564484
00017714_033.png,Mass,0,0.4363917112350464
00017714_033.png,Hernia,0,0.23198863863945007
00018015_016.png,Atelectasis,0,0.07686711102724075
00018015_016.png,Consolidation,0,0.15458470582962036
00018015_016.png,Infiltration,0,0.5255075693130493
00018015_016.png,Pneumothorax,0,0.14807479083538055
00018015_016.png,Edema,0,0.0022042749915271997
00018015_016.png,Emphysema,0,0.1874486804008484
00018015_016.png,Fibrosis,1,0.5226215720176697
00018015_016.png,Effusion,0,0.049551330506801605
00018015_016.png,Pneumonia,0,0.02361513115465641
00018015_016.png,Pleural_Thickening,0,0.5028623938560486
00018015_016.png,Cardiomegaly,0,0.009127066470682621
00018015_016.png,Nodule,0,0.5068358182907104
00018015_016.png,Mass,0,0.5091491937637329
00018015_016.png,Hernia,0,0.0013461447088047862
00018052_007.png,Atelectasis,0,0.133305162191391
00018052_007.png,Consolidation,0,0.5571544170379639
00018052_007.png,Infiltration,0,0.7850691080093384
00018052_007.png,Pneumothorax,0,0.5032090544700623
00018052_007.png,Edema,0,0.0935581848025322
00018052_007.png,Emphysema,0,0.5004563331604004
00018052_007.png,Fibrosis,0,0.6767672300338745
00018052_007.png,Effusion,0,0.12459325045347214
00018052_007.png,Pneumonia,0,0.47578638792037964
00018052_007.png,Pleural_Thickening,0,0.5381513237953186
00018052_007.png,Cardiomegaly,0,0.14586514234542847
00018052_007.png,Nodule,0,0.6590049862861633
00018052_007.png,Mass,0,0.5653938055038452
00018052_007.png,Hernia,0,0.001369256293401122
00018062_001.png,Atelectasis,0,0.3275347054004669
00018062_001.png,Consolidation,0,0.16564005613327026
00018062_001.png,Infiltration,0,0.5307540893554688
00018062_001.png,Pneumothorax,0,0.2518426179885864
00018062_001.png,Edema,0,0.011029125191271305
00018062_001.png,Emphysema,0,0.043282173573970795
00018062_001.png,Fibrosis,0,0.5010375380516052
00018062_001.png,Effusion,0,0.22349511086940765
00018062_001.png,Pneumonia,0,0.027777135372161865
00018062_001.png,Pleural_Thickening,0,0.3034886121749878
00018062_001.png,Cardiomegaly,0,0.1063302680850029
00018062_001.png,Nodule,0,0.37849166989326477
00018062_001.png,Mass,0,0.4447564482688904
00018062_001.png,Hernia,0,0.0017849452560767531
00018065_007.png,Atelectasis,0,0.3787364065647125
00018065_007.png,Consolidation,0,0.1128847673535347
00018065_007.png,Infiltration,0,0.5303235054016113
00018065_007.png,Pneumothorax,0,0.35771051049232483
00018065_007.png,Edema,0,0.0027282366063445807
00018065_007.png,Emphysema,1,0.34443768858909607
00018065_007.png,Fibrosis,0,0.5043337345123291
00018065_007.png,Effusion,1,0.18227003514766693
00018065_007.png,Pneumonia,0,0.028693784028291702
00018065_007.png,Pleural_Thickening,0,0.4060036838054657
00018065_007.png,Cardiomegaly,0,0.00856119766831398
00018065_007.png,Nodule,0,0.31646859645843506
00018065_007.png,Mass,1,0.11729853600263596
00018065_007.png,Hernia,0,0.003963506780564785
00018109_000.png,Atelectasis,0,0.11924780905246735
00018109_000.png,Consolidation,0,0.14174212515354156
00018109_000.png,Infiltration,0,0.135420024394989
00018109_000.png,Pneumothorax,0,0.08356187492609024
00018109_000.png,Edema,0,0.029543735086917877
00018109_000.png,Emphysema,0,0.5010498762130737
00018109_000.png,Fibrosis,0,0.18995988368988037
00018109_000.png,Effusion,0,0.04306165128946304
00018109_000.png,Pneumonia,0,0.0041280691511929035
00018109_000.png,Pleural_Thickening,0,0.046992383897304535
00018109_000.png,Cardiomegaly,0,0.19515632092952728
00018109_000.png,Nodule,0,0.22953985631465912
00018109_000.png,Mass,0,0.18462763726711273
00018109_000.png,Hernia,0,0.009903103113174438
00018182_015.png,Atelectasis,1,0.008222079835832119
00018182_015.png,Consolidation,0,0.08104884624481201
00018182_015.png,Infiltration,0,0.5054681897163391
00018182_015.png,Pneumothorax,0,0.29383447766304016
00018182_015.png,Edema,0,0.001001605880446732
00018182_015.png,Emphysema,0,0.2663721442222595
00018182_015.png,Fibrosis,0,0.2634842097759247
00018182_015.png,Effusion,0,0.018953779712319374
00018182_015.png,Pneumonia,1,0.020367145538330078
00018182_015.png,Pleural_Thickening,0,0.10270212590694427
00018182_015.png,Cardiomegaly,0,0.003816118696704507
00018182_015.png,Nodule,0,0.09251126646995544
00018182_015.png,Mass,0,0.02332814782857895
00018182_015.png,Hernia,0,0.0005502815474756062
00018317_006.png,Atelectasis,0,0.7662550210952759
00018317_006.png,Consolidation,0,0.6168543100357056
00018317_006.png,Infiltration,0,0.5334814786911011
00018317_006.png,Pneumothorax,0,0.5415067076683044
00018317_006.png,Edema,0,0.4286528527736664
00018317_006.png,Emphysema,0,0.5016088485717773
00018317_006.png,Fibrosis,0,0.5072147846221924
00018317_006.png,Effusion,0,0.9454448223114014
00018317_006.png,Pneumonia,0,0.5213454365730286
00018317_006.png,Pleural_Thickening,0,0.526007890701294
00018317_006.png,Cardiomegaly,0,0.5541795492172241
00018317_006.png,Nodule,0,0.5199522972106934
00018317_006.png,Mass,0,0.5076771974563599
00018317_006.png,Hernia,0,0.02527720108628273
00018326_002.png,Atelectasis,0,0.11126147210597992
00018326_002.png,Consolidation,1,0.13962091505527496
00018326_002.png,Infiltration,0,0.5336143374443054
00018326_002.png,Pneumothorax,0,0.17617827653884888
00018326_002.png,Edema,0,0.012160347774624825
00018326_002.png,Emphysema,0,0.5005309581756592
00018326_002.png,Fibrosis,0,0.5354275703430176
00018326_002.png,Effusion,1,0.05685971677303314
00018326_002.png,Pneumonia,0,0.06319190561771393
00018326_002.png,Pleural_Thickening,0,0.5093317627906799
00018326_002.png,Cardiomegaly,0,0.014785216189920902
00018326_002.png,Nodule,0,0.5318949818611145
00018326_002.png,Mass,0,0.502713143825531
00018326_002.png,Hernia,0,0.005851835012435913
00018500_007.png,Atelectasis,0,0.12652771174907684
00018500_007.png,Consolidation,0,0.08444957435131073
00018500_007.png,Infiltration,0,0.45686274766921997
00018500_007.png,Pneumothorax,0,0.17854323983192444
00018500_007.png,Edema,0,0.00031297499663196504
00018500_007.png,Emphysema,0,0.5012199878692627
00018500_007.png,Fibrosis,0,0.5025761127471924
00018500_007.png,Effusion,0,0.031173355877399445
00018500_007.png,Pneumonia,0,0.0003434126265347004
00018500_007.png,Pleural_Thickening,0,0.1541246622800827
00018500_007.png,Cardiomegaly,0,0.003947233781218529
00018500_007.png,Nodule,0,0.5067757368087769
00018500_007.png,Mass,0,0.5073058009147644
00018500_007.png,Hernia,0,0.015722310170531273
00018500_011.png,Atelectasis,0,0.07070041447877884
00018500_011.png,Consolidation,0,0.03194520249962807
00018500_011.png,Infiltration,0,0.5305776000022888
00018500_011.png,Pneumothorax,0,0.10221415013074875
00018500_011.png,Edema,0,0.0009438829147256911
00018500_011.png,Emphysema,0,0.5016961097717285
00018500_011.png,Fibrosis,0,0.5058043003082275
00018500_011.png,Effusion,0,0.014099480584263802
00018500_011.png,Pneumonia,0,0.0006029097712598741
00018500_011.png,Pleural_Thickening,0,0.2089070975780487
00018500_011.png,Cardiomegaly,0,0.007134166080504656
00018500_011.png,Nodule,1,0.5039893388748169
00018500_011.png,Mass,0,0.40189820528030396
00018500_011.png,Hernia,0,0.00484805041924119
00018558_003.png,Atelectasis,0,0.1164035052061081
00018558_003.png,Consolidation,0,0.5433868169784546
00018558_003.png,Infiltration,0,0.6824438571929932
00018558_003.png,Pneumothorax,0,0.5014446973800659
00018558_003.png,Edema,1,0.5128985047340393
00018558_003.png,Emphysema,0,0.5019448399543762
00018558_003.png,Fibrosis,0,0.5772650241851807
00018558_003.png,Effusion,1,0.04615594819188118
00018558_003.png,Pneumonia,0,0.7922008633613586
00018558_003.png,Pleural_Thickening,0,0.40558964014053345
00018558_003.png,Cardiomegaly,0,0.04316477105021477
00018558_003.png,Nodule,1,0.7153865098953247
00018558_003.png,Mass,0,0.5462902188301086
00018558_003.png,Hernia,0,0.00036361918319016695
00018610_029.png,Atelectasis,1,0.5805197954177856
00018610_029.png,Consolidation,0,0.5462406873703003
00018610_029.png,Infiltration,0,0.5729700326919556
00018610_029.png,Pneumothorax,1,0.5066027641296387
00018610_029.png,Edema,0,0.2595907151699066
00018610_029.png,Emphysema,0,0.5001746416091919
00018610_029.png,Fibrosis,0,0.5508286356925964
00018610_029.png,Effusion,1,0.7712583541870117
00018610_029.png,Pneumonia,1,0.2101908028125763
00018610_029.png,Pleural_Thickening,0,0.5556554198265076
00018610_029.png,Cardiomegaly,0,0.41749778389930725
00018610_029.png,Nodule,0,0.5253819823265076
00018610_029.png,Mass,0,0.5519411563873291
00018610_029.png,Hernia,0,0.040014684200286865
00018610_053.png,Atelectasis,0,0.6163804531097412
00018610_053.png,Consolidation,0,0.6760118007659912
00018610_053.png,Infiltration,1,0.6974691152572632
00018610_053.png,Pneumothorax,1,0.5151032209396362
00018610_053.png,Edema,0,0.6793066263198853
00018610_053.png,Emphysema,0,0.5035477876663208
00018610_053.png,Fibrosis,0,0.5760715007781982
00018610_053.png,Effusion,1,0.6682178378105164
00018610_053.png,Pneumonia,0,0.8269980549812317
00018610_053.png,Pleural_Thickening,0,0.5327093005180359
00018610_053.png,Cardiomegaly,0,0.5199706554412842
00018610_053.png,Nodule,0,0.5792087912559509
00018610_053.png,Mass,0,0.6909676790237427
00018610_053.png,Hernia,0,0.010730158537626266
00018708_001.png,Atelectasis,0,0.27949753403663635
00018708_001.png,Consolidation,0,0.20237737894058228
00018708_001.png,Infiltration,0,0.5175716876983643
00018708_001.png,Pneumothorax,0,0.2675763964653015
00018708_001.png,Edema,0,0.004794490989297628
00018708_001.png,Emphysema,0,0.16068699955940247
00018708_001.png,Fibrosis,0,0.5021644234657288
00018708_001.png,Effusion,0,0.11722873896360397
00018708_001.png,Pneumonia,0,0.0001070870494004339
00018708_001.png,Pleural_Thickening,0,0.168460413813591
00018708_001.png,Cardiomegaly,0,0.10989727824926376
00018708_001.png,Nodule,0,0.5234112739562988
00018708_001.png,Mass,0,0.5882795453071594
00018708_001.png,Hernia,0,0.00809524953365326
00018716_007.png,Atelectasis,0,0.3357561528682709
00018716_007.png,Consolidation,0,0.1077386811375618
00018716_007.png,Infiltration,0,0.5084837675094604
00018716_007.png,Pneumothorax,0,0.10196065902709961
00018716_007.png,Edema,0,0.006068351678550243
00018716_007.png,Emphysema,0,0.5035112500190735
00018716_007.png,Fibrosis,0,0.5166946649551392
00018716_007.png,Effusion,0,0.13487191498279572
00018716_007.png,Pneumonia,0,0.006301031447947025
00018716_007.png,Pleural_Thickening,0,0.4273298382759094
00018716_007.png,Cardiomegaly,0,0.20342938601970673
00018716_007.png,Nodule,0,0.5022451877593994
00018716_007.png,Mass,0,0.34393221139907837
00018716_007.png,Hernia,0,0.006300586741417646
00018735_009.png,Atelectasis,0,0.1770315319299698
00018735_009.png,Consolidation,0,0.26402631402015686
00018735_009.png,Infiltration,0,0.531204879283905
00018735_009.png,Pneumothorax,0,0.31448930501937866
00018735_009.png,Edema,0,0.0023023474495857954
00018735_009.png,Emphysema,0,0.011293703690171242
00018735_009.png,Fibrosis,0,0.5001649260520935
00018735_009.png,Effusion,0,0.018683331087231636
00018735_009.png,Pneumonia,0,0.15920749306678772
00018735_009.png,Pleural_Thickening,0,0.12380318343639374
00018735_009.png,Cardiomegaly,0,0.00815118569880724
00018735_009.png,Nodule,0,0.5074212551116943
00018735_009.png,Mass,0,0.4652236998081207
00018735_009.png,Hernia,0,0.01671830751001835
00018865_006.png,Atelectasis,0,0.22074545919895172
00018865_006.png,Consolidation,0,0.3888877034187317
00018865_006.png,Infiltration,0,0.5599120855331421
00018865_006.png,Pneumothorax,1,0.5001398324966431
00018865_006.png,Edema,0,0.004073782823979855
00018865_006.png,Emphysema,1,0.5021030902862549
00018865_006.png,Fibrosis,0,0.6157466173171997
00018865_006.png,Effusion,0,0.09690169990062714
00018865_006.png,Pneumonia,0,0.08822308480739594
00018865_006.png,Pleural_Thickening,0,0.5337005853652954
00018865_006.png,Cardiomegaly,0,0.007766172289848328
00018865_006.png,Nodule,0,0.5335605144500732
00018865_006.png,Mass,0,0.5417701005935669
00018865_006.png,Hernia,0,0.009999765083193779
00018941_000.png,Atelectasis,0,0.5043163299560547
00018941_000.png,Consolidation,0,0.3694860339164734
00018941_000.png,Infiltration,0,0.5204254984855652
00018941_000.png,Pneumothorax,0,0.5045909285545349
00018941_000.png,Edema,0,0.01695898175239563
00018941_000.png,Emphysema,0,0.5011160373687744
00018941_000.png,Fibrosis,0,0.5323329567909241
00018941_000.png,Effusion,0,0.23586419224739075
00018941_000.png,Pneumonia,0,0.022676721215248108
00018941_000.png,Pleural_Thickening,0,0.5017199516296387
00018941_000.png,Cardiomegaly,0,0.014415389858186245
00018941_000.png,Nodule,0,0.5040214657783508
00018941_000.png,Mass,0,0.5041221976280212
00018941_000.png,Hernia,0,0.03248947858810425
00019027_000.png,Atelectasis,1,0.40888798236846924
00019027_000.png,Consolidation,0,0.15889714658260345
00019027_000.png,Infiltration,0,0.47485649585723877
00019027_000.png,Pneumothorax,0,0.10677684843540192
00019027_000.png,Edema,0,0.007099508307874203
00019027_000.png,Emphysema,0,0.5021634101867676
00019027_000.png,Fibrosis,0,0.5074089169502258
00019027_000.png,Effusion,0,0.08533135056495667
00019027_000.png,Pneumonia,0,0.0015360508114099503
00019027_000.png,Pleural_Thickening,0,0.11439142376184464
00019027_000.png,Cardiomegaly,0,0.04264061525464058
00019027_000.png,Nodule,0,0.5140302181243896
00019027_000.png,Mass,0,0.5269149541854858
00019027_000.png,Hernia,1,0.5289304256439209
00019150_002.png,Atelectasis,0,0.4330933690071106
00019150_002.png,Consolidation,0,0.5877783894538879
00019150_002.png,Infiltration,1,0.66602623462677
00019150_002.png,Pneumothorax,0,0.5230852961540222
00019150_002.png,Edema,0,0.23578329384326935
00019150_002.png,Emphysema,0,0.13406270742416382
00019150_002.png,Fibrosis,0,0.5153635740280151
00019150_002.png,Effusion,0,0.5457082390785217
00019150_002.png,Pneumonia,1,0.5543595552444458
00019150_002.png,Pleural_Thickening,0,0.536058783531189
00019150_002.png,Cardiomegaly,0,0.017729315906763077
00019150_002.png,Nodule,0,0.5485683679580688
00019150_002.png,Mass,0,0.7784823775291443
00019150_002.png,Hernia,0,0.008360659703612328
00019150_006.png,Atelectasis,0,0.388213187456131
00019150_006.png,Consolidation,1,0.6059554815292358
00019150_006.png,Infiltration,1,0.5995984077453613
00019150_006.png,Pneumothorax,0,0.5262178182601929
00019150_006.png,Edema,1,0.5059771537780762
00019150_006.png,Emphysema,0,0.502082347869873
00019150_006.png,Fibrosis,0,0.5303695201873779
00019150_006.png,Effusion,0,0.36048606038093567
00019150_006.png,Pneumonia,0,0.49875161051750183
00019150_006.png,Pleural_Thickening,0,0.521801233291626
00019150_006.png,Cardiomegaly,0,0.048845693469047546
00019150_006.png,Nodule,0,0.5471820831298828
00019150_006.png,Mass,0,0.7466439008712769
00019150_006.png,Hernia,0,0.007230814546346664
00019154_003.png,Atelectasis,0,0.582066535949707
00019154_003.png,Consolidation,0,0.5236755609512329
00019154_003.png,Infiltration,1,0.5076601505279541
00019154_003.png,Pneumothorax,0,0.5157102346420288
00019154_003.png,Edema,0,0.042748354375362396
00019154_003.png,Emphysema,0,0.5025020837783813
00019154_003.png,Fibrosis,0,0.5535241365432739
00019154_003.png,Effusion,0,0.7665336728096008
00019154_003.png,Pneumonia,1,0.04495219886302948
00019154_003.png,Pleural_Thickening,0,0.581091046333313
00019154_003.png,Cardiomegaly,0,0.22775179147720337
00019154_003.png,Nodule,0,0.5184627175331116
00019154_003.png,Mass,0,0.6709413528442383
00019154_003.png,Hernia,0,0.026889270171523094
00019283_003.png,Atelectasis,1,0.6332595348358154
00019283_003.png,Consolidation,0,0.5096369981765747
00019283_003.png,Infiltration,0,0.5537170171737671
00019283_003.png,Pneumothorax,0,0.501671314239502
00019283_003.png,Edema,0,0.016469040885567665
00019283_003.png,Emphysema,1,0.2626552879810333
00019283_003.png,Fibrosis,0,0.5664448142051697
00019283_003.png,Effusion,0,0.5538537502288818
00019283_003.png,Pneumonia,0,0.11105214059352875
00019283_003.png,Pleural_Thickening,0,0.5319337844848633
00019283_003.png,Cardiomegaly,0,0.057763680815696716
00019283_003.png,Nodule,0,0.5329448580741882
00019283_003.png,Mass,0,0.5331102609634399
00019283_003.png,Hernia,0,0.01119225099682808
00019415_002.png,Atelectasis,0,0.007538054138422012
00019415_002.png,Consolidation,0,0.046702176332473755
00019415_002.png,Infiltration,1,0.5022847652435303
00019415_002.png,Pneumothorax,0,0.2849414050579071
00019415_002.png,Edema,0,0.0007042634533718228
00019415_002.png,Emphysema,0,0.008461088873445988
00019415_002.png,Fibrosis,0,0.20419593155384064
00019415_002.png,Effusion,0,0.015981053933501244
00019415_002.png,Pneumonia,0,0.01284652017056942
00019415_002.png,Pleural_Thickening,0,0.09255041927099228
00019415_002.png,Cardiomegaly,0,0.00381346233189106
00019415_002.png,Nodule,0,0.113977812230587
00019415_002.png,Mass,0,0.21958418190479279
00019415_002.png,Hernia,0,0.0026616035029292107
00019431_000.png,Atelectasis,0,0.11435172706842422
00019431_000.png,Consolidation,0,0.08657937496900558
00019431_000.png,Infiltration,0,0.5249505043029785
00019431_000.png,Pneumothorax,0,0.1185731589794159
00019431_000.png,Edema,0,0.00039340672083199024
00019431_000.png,Emphysema,0,0.13203701376914978
00019431_000.png,Fibrosis,0,0.5013760328292847
00019431_000.png,Effusion,0,0.016522392630577087
00019431_000.png,Pneumonia,0,0.01057378388941288
00019431_000.png,Pleural_Thickening,0,0.12635527551174164
00019431_000.png,Cardiomegaly,0,0.0013931144494563341
00019431_000.png,Nodule,0,0.173566535115242
00019431_000.png,Mass,0,0.10405828803777695
00019431_000.png,Hernia,0,0.0024717459455132484
00019492_003.png,Atelectasis,1,0.5191634893417358
00019492_003.png,Consolidation,0,0.2911611795425415
00019492_003.png,Infiltration,0,0.19731494784355164
00019492_003.png,Pneumothorax,0,0.20178264379501343
00019492_003.png,Edema,0,0.004745088517665863
00019492_003.png,Emphysema,0,0.5014957189559937
00019492_003.png,Fibrosis,0,0.5019339919090271
00019492_003.png,Effusion,1,0.12546788156032562
00019492_003.png,Pneumonia,0,0.003324780846014619
00019492_003.png,Pleural_Thickening,0,0.21310020983219147
00019492_003.png,Cardiomegaly,0,0.02734418772161007
00019492_003.png,Nodule,0,0.4826165437698364
00019492_003.png,Mass,0,0.5062516927719116
00019492_003.png,Hernia,0,0.22895345091819763
00019706_002.png,Atelectasis,0,0.10952531546354294
00019706_002.png,Consolidation,0,0.061097536236047745
00019706_002.png,Infiltration,0,0.5101028084754944
00019706_002.png,Pneumothorax,1,0.15086360275745392
00019706_002.png,Edema,0,0.06757845729589462
00019706_002.png,Emphysema,0,0.13203349709510803
00019706_002.png,Fibrosis,0,0.11947153508663177
00019706_002.png,Effusion,0,0.06758619099855423
00019706_002.png,Pneumonia,0,0.010146123357117176
00019706_002.png,Pleural_Thickening,0,0.05812457203865051
00019706_002.png,Cardiomegaly,0,0.5035157799720764
00019706_002.png,Nodule,0,0.22688564658164978
00019706_002.png,Mass,0,0.32298144698143005
00019706_002.png,Hernia,0,0.021912870928645134
00019765_004.png,Atelectasis,0,0.39401543140411377
00019765_004.png,Consolidation,0,0.17900824546813965
00019765_004.png,Infiltration,0,0.5299782156944275
00019765_004.png,Pneumothorax,0,0.45959338545799255
00019765_004.png,Edema,0,0.19186002016067505
00019765_004.png,Emphysema,0,0.5006668567657471
00019765_004.png,Fibrosis,0,0.5298728942871094
00019765_004.png,Effusion,0,0.15215271711349487
00019765_004.png,Pneumonia,0,0.07610204070806503
00019765_004.png,Pleural_Thickening,0,0.5007008910179138
00019765_004.png,Cardiomegaly,0,0.24556297063827515
00019765_004.png,Nodule,0,0.5014565587043762
00019765_004.png,Mass,0,0.5165693163871765
00019765_004.png,Hernia,0,0.1850663125514984
00019770_000.png,Atelectasis,0,0.41256633400917053
00019770_000.png,Consolidation,0,0.45963844656944275
00019770_000.png,Infiltration,0,0.5671114921569824
00019770_000.png,Pneumothorax,0,0.1883431226015091
00019770_000.png,Edema,0,0.2867516279220581
00019770_000.png,Emphysema,0,0.5011045932769775
00019770_000.png,Fibrosis,0,0.5379468202590942
00019770_000.png,Effusion,0,0.11807404458522797
00019770_000.png,Pneumonia,1,0.19855673611164093
00019770_000.png,Pleural_Thickening,0,0.5089263916015625
00019770_000.png,Cardiomegaly,0,0.0780460387468338
00019770_000.png,Nodule,0,0.5428385734558105
00019770_000.png,Mass,0,0.5850304961204529
00019770_000.png,Hernia,0,0.5083073973655701
00019871_009.png,Atelectasis,0,0.16130098700523376
00019871_009.png,Consolidation,0,0.06192026659846306
00019871_009.png,Infiltration,0,0.5031915307044983
00019871_009.png,Pneumothorax,0,0.1971031278371811
00019871_009.png,Edema,0,0.014134135097265244
00019871_009.png,Emphysema,0,0.5001863241195679
00019871_009.png,Fibrosis,0,0.46514609456062317
00019871_009.png,Effusion,0,0.023361874744296074
00019871_009.png,Pneumonia,0,0.00515990424901247
00019871_009.png,Pleural_Thickening,0,0.08304312825202942
00019871_009.png,Cardiomegaly,0,0.011038907803595066
00019871_009.png,Nodule,0,0.5057762265205383
00019871_009.png,Mass,0,0.4323733150959015
00019871_009.png,Hernia,0,0.012539977207779884
00019894_038.png,Atelectasis,0,0.5359479784965515
00019894_038.png,Consolidation,0,0.5618394017219543
00019894_038.png,Infiltration,0,0.22037003934383392
00019894_038.png,Pneumothorax,0,0.5226349234580994
00019894_038.png,Edema,0,0.09601065516471863
00019894_038.png,Emphysema,0,0.5017346143722534
00019894_038.png,Fibrosis,0,0.5052287578582764
00019894_038.png,Effusion,0,0.8420677185058594
00019894_038.png,Pneumonia,1,0.2495867908000946
00019894_038.png,Pleural_Thickening,0,0.5463669300079346
00019894_038.png,Cardiomegaly,0,0.13194148242473602
00019894_038.png,Nodule,0,0.5482866764068604
00019894_038.png,Mass,0,0.8584337830543518
00019894_038.png,Hernia,0,0.0005587582127191126
00020037_005.png,Atelectasis,0,0.5157110691070557
00020037_005.png,Consolidation,1,0.6392638683319092
00020037_005.png,Infiltration,1,0.6308655738830566
00020037_005.png,Pneumothorax,0,0.5317081212997437
00020037_005.png,Edema,0,0.509057879447937
00020037_005.png,Emphysema,0,0.500454843044281
00020037_005.png,Fibrosis,0,0.5188472270965576
00020037_005.png,Effusion,1,0.7610426545143127
00020037_005.png,Pneumonia,0,0.5731728076934814
00020037_005.png,Pleural_Thickening,0,0.5121089220046997
00020037_005.png,Cardiomegaly,0,0.4031979739665985
00020037_005.png,Nodule,0,0.5677492618560791
00020037_005.png,Mass,1,0.6371959447860718
00020037_005.png,Hernia,0,0.0017447758000344038
00020318_000.png,Atelectasis,1,0.6061212420463562
00020318_000.png,Consolidation,0,0.5187143087387085
00020318_000.png,Infiltration,0,0.40527886152267456
00020318_000.png,Pneumothorax,1,0.5262163877487183
00020318_000.png,Edema,0,0.053937193006277084
00020318_000.png,Emphysema,1,0.5022019743919373
00020318_000.png,Fibrosis,0,0.5099968314170837
00020318_000.png,Effusion,0,0.5523084998130798
00020318_000.png,Pneumonia,0,0.12424889206886292
00020318_000.png,Pleural_Thickening,0,0.5516760349273682
00020318_000.png,Cardiomegaly,0,0.009726369753479958
00020318_000.png,Nodule,0,0.5191802978515625
00020318_000.png,Mass,0,0.7558568716049194
00020318_000.png,Hernia,0,0.022040769457817078
00020318_011.png,Atelectasis,1,0.606473445892334
00020318_011.png,Consolidation,0,0.5198744535446167
00020318_011.png,Infiltration,0,0.5339967608451843
00020318_011.png,Pneumothorax,1,0.506840705871582
00020318_011.png,Edema,0,0.022334182634949684
00020318_011.png,Emphysema,0,0.29713574051856995
00020318_011.png,Fibrosis,0,0.6020214557647705
00020318_011.png,Effusion,0,0.6302424669265747
00020318_011.png,Pneumonia,0,0.06512478739023209
00020318_011.png,Pleural_Thickening,0,0.6300475597381592
00020318_011.png,Cardiomegaly,0,0.044921182096004486
00020318_011.png,Nodule,0,0.5207099318504333
00020318_011.png,Mass,0,0.6052447557449341
00020318_011.png,Hernia,0,0.06567640602588654
00020437_011.png,Atelectasis,0,0.15528130531311035
00020437_011.png,Consolidation,0,0.5433387756347656
00020437_011.png,Infiltration,1,0.6246836185455322
00020437_011.png,Pneumothorax,1,0.5005868673324585
00020437_011.png,Edema,0,0.018724795430898666
00020437_011.png,Emphysema,0,0.24498875439167023
00020437_011.png,Fibrosis,0,0.5977033972740173
00020437_011.png,Effusion,0,0.1639043688774109
00020437_011.png,Pneumonia,0,0.06039668992161751
00020437_011.png,Pleural_Thickening,0,0.5317925214767456
00020437_011.png,Cardiomegaly,0,0.060572247952222824
00020437_011.png,Nodule,1,0.5979721546173096
00020437_011.png,Mass,0,0.6957175731658936
00020437_011.png,Hernia,0,0.0011536182137206197
00020552_000.png,Atelectasis,0,0.0012954289559274912
00020552_000.png,Consolidation,0,0.030067438259720802
00020552_000.png,Infiltration,0,0.5023993849754333
00020552_000.png,Pneumothorax,0,0.03918095678091049
00020552_000.png,Edema,0,0.0009634995367377996
00020552_000.png,Emphysema,0,0.01293244119733572
00020552_000.png,Fibrosis,0,0.08756723999977112
00020552_000.png,Effusion,0,0.004508445039391518
00020552_000.png,Pneumonia,0,0.005740524735301733
00020552_000.png,Pleural_Thickening,0,0.02836887538433075
00020552_000.png,Cardiomegaly,0,0.01406610757112503
00020552_000.png,Nodule,0,0.11385863274335861
00020552_000.png,Mass,0,0.03764743730425835
00020552_000.png,Hernia,0,9.165099982055835e-06
00020826_008.png,Atelectasis,0,0.535646915435791
00020826_008.png,Consolidation,0,0.5543456077575684
00020826_008.png,Infiltration,0,0.7289628982543945
00020826_008.png,Pneumothorax,0,0.5038752555847168
00020826_008.png,Edema,1,0.5168193578720093
00020826_008.png,Emphysema,0,0.2015208601951599
00020826_008.png,Fibrosis,0,0.5139881372451782
00020826_008.png,Effusion,0,0.6532946825027466
00020826_008.png,Pneumonia,1,0.28148603439331055
00020826_008.png,Pleural_Thickening,0,0.5083881616592407
00020826_008.png,Cardiomegaly,0,0.5838074684143066
00020826_008.png,Nodule,0,0.5247468948364258
00020826_008.png,Mass,0,0.5327440500259399
00020826_008.png,Hernia,0,0.34398648142814636
00020928_000.png,Atelectasis,0,0.6245025992393494
00020928_000.png,Consolidation,0,0.552200436592102
00020928_000.png,Infiltration,0,0.616238534450531
00020928_000.png,Pneumothorax,0,0.500502347946167
00020928_000.png,Edema,0,0.5006858706474304
00020928_000.png,Emphysema,0,0.21626338362693787
00020928_000.png,Fibrosis,0,0.5501986742019653
00020928_000.png,Effusion,0,0.5843509435653687
00020928_000.png,Pneumonia,1,0.5530984401702881
00020928_000.png,Pleural_Thickening,0,0.5077961683273315
00020928_000.png,Cardiomegaly,0,0.579728364944458
00020928_000.png,Nodule,0,0.5065355896949768
00020928_000.png,Mass,0,0.5433722734451294
00020928_000.png,Hernia,0,0.2082265317440033
00020928_008.png,Atelectasis,0,0.5854595899581909
00020928_008.png,Consolidation,0,0.8150947690010071
00020928_008.png,Infiltration,0,0.614464282989502
00020928_008.png,Pneumothorax,0,0.5177404284477234
00020928_008.png,Edema,0,0.570737898349762
00020928_008.png,Emphysema,0,0.5021792054176331
00020928_008.png,Fibrosis,0,0.506214439868927
00020928_008.png,Effusion,0,0.7411808967590332
00020928_008.png,Pneumonia,0,0.9331907629966736
00020928_008.png,Pleural_Thickening,0,0.45650383830070496
00020928_008.png,Cardiomegaly,0,0.2930491268634796
00020928_008.png,Nodule,0,0.5663864612579346
00020928_008.png,Mass,0,0.7851638197898865
00020928_008.png,Hernia,0,5.036645961808972e-05
00021057_000.png,Atelectasis,0,0.09489579498767853
00021057_000.png,Consolidation,0,0.2994523346424103
00021057_000.png,Infiltration,0,0.4583827257156372
00021057_000.png,Pneumothorax,0,0.5024284720420837
00021057_000.png,Edema,0,0.00033897539833560586
00021057_000.png,Emphysema,0,0.032991982996463776
00021057_000.png,Fibrosis,0,0.5119900703430176
00021057_000.png,Effusion,0,0.11424874514341354
00021057_000.png,Pneumonia,0,0.016393162310123444
00021057_000.png,Pleural_Thickening,0,0.5088874697685242
00021057_000.png,Cardiomegaly,0,0.0010779764270409942
00021057_000.png,Nodule,0,0.18918341398239136
00021057_000.png,Mass,0,0.313799113035202
00021057_000.png,Hernia,0,0.001257228897884488
00021092_005.png,Atelectasis,0,0.5662950277328491
00021092_005.png,Consolidation,0,0.5067217350006104
00021092_005.png,Infiltration,1,0.5424993634223938
00021092_005.png,Pneumothorax,1,0.49117356538772583
00021092_005.png,Edema,0,0.13501816987991333
00021092_005.png,Emphysema,0,0.5010000467300415
00021092_005.png,Fibrosis,0,0.5633516311645508
00021092_005.png,Effusion,0,0.5098938941955566
00021092_005.png,Pneumonia,0,0.11691784113645554
00021092_005.png,Pleural_Thickening,0,0.5457855463027954
00021092_005.png,Cardiomegaly,0,0.5214539766311646
00021092_005.png,Nodule,0,0.5185114145278931
00021092_005.png,Mass,0,0.5261238813400269
00021092_005.png,Hernia,0,0.014314013533294201
00021313_001.png,Atelectasis,0,0.5567773580551147
00021313_001.png,Consolidation,0,0.5267857313156128
00021313_001.png,Infiltration,0,0.5509436130523682
00021313_001.png,Pneumothorax,0,0.5039041042327881
00021313_001.png,Edema,0,0.027059998363256454
00021313_001.png,Emphysema,0,0.503474235534668
00021313_001.png,Fibrosis,0,0.5735352039337158
00021313_001.png,Effusion,1,0.7023077011108398
00021313_001.png,Pneumonia,0,0.008354861289262772
00021313_001.png,Pleural_Thickening,0,0.5728780031204224
00021313_001.png,Cardiomegaly,0,0.38014641404151917
00021313_001.png,Nodule,0,0.5107381343841553
00021313_001.png,Mass,1,0.5826581120491028
00021313_001.png,Hernia,0,0.12313614785671234
00021381_015.png,Atelectasis,0,0.5334360003471375
00021381_015.png,Consolidation,0,0.5582709908485413
00021381_015.png,Infiltration,0,0.5473504066467285
00021381_015.png,Pneumothorax,0,0.511530876159668
00021381_015.png,Edema,0,0.07785029709339142
00021381_015.png,Emphysema,0,0.5004994869232178
00021381_015.png,Fibrosis,0,0.5363076329231262
00021381_015.png,Effusion,0,0.8525693416595459
00021381_015.png,Pneumonia,0,0.0564349964261055
00021381_015.png,Pleural_Thickening,0,0.624190628528595
00021381_015.png,Cardiomegaly,0,0.11127886921167374
00021381_015.png,Nodule,0,0.5395494699478149
00021381_015.png,Mass,0,0.5873704552650452
00021381_015.png,Hernia,0,0.007139027118682861
00021381_025.png,Atelectasis,0,0.5348706245422363
00021381_025.png,Consolidation,0,0.5331665873527527
00021381_025.png,Infiltration,0,0.5228563547134399
00021381_025.png,Pneumothorax,1,0.5062066316604614
00021381_025.png,Edema,0,0.017288655042648315
00021381_025.png,Emphysema,0,0.47283321619033813
00021381_025.png,Fibrosis,0,0.538129448890686
00021381_025.png,Effusion,1,0.657548189163208
00021381_025.png,Pneumonia,0,0.025214262306690216
00021381_025.png,Pleural_Thickening,0,0.6229074001312256
00021381_025.png,Cardiomegaly,0,0.24981330335140228
00021381_025.png,Nodule,0,0.5229264497756958
00021381_025.png,Mass,0,0.6946604251861572
00021381_025.png,Hernia,0,0.2634872794151306
00021447_000.png,Atelectasis,0,0.15213686227798462
00021447_000.png,Consolidation,0,0.11122460663318634
00021447_000.png,Infiltration,0,0.5173709392547607
00021447_000.png,Pneumothorax,0,0.1467342972755432
00021447_000.png,Edema,0,0.011301715858280659
00021447_000.png,Emphysema,0,0.24639537930488586
00021447_000.png,Fibrosis,0,0.1385442167520523
00021447_000.png,Effusion,0,0.04328997805714607
00021447_000.png,Pneumonia,0,0.011025561951100826
00021447_000.png,Pleural_Thickening,0,0.0820450633764267
00021447_000.png,Cardiomegaly,0,0.014343416318297386
00021447_000.png,Nodule,0,0.31310153007507324
00021447_000.png,Mass,0,0.12395458668470383
00021447_000.png,Hernia,0,0.011989404447376728
00021765_000.png,Atelectasis,0,0.014978618361055851
00021765_000.png,Consolidation,0,0.03385789692401886
00021765_000.png,Infiltration,0,0.5089644193649292
00021765_000.png,Pneumothorax,0,0.10368828475475311
00021765_000.png,Edema,0,0.003938797861337662
00021765_000.png,Emphysema,0,0.062433693557977676
00021765_000.png,Fibrosis,0,0.03384247049689293
00021765_000.png,Effusion,0,0.010509951040148735
00021765_000.png,Pneumonia,0,0.0008264814969152212
00021765_000.png,Pleural_Thickening,0,0.03244327753782272
00021765_000.png,Cardiomegaly,0,0.011770890094339848
00021765_000.png,Nodule,0,0.1889694333076477
00021765_000.png,Mass,0,0.13506820797920227
00021765_000.png,Hernia,0,0.0012950149830430746
00021782_020.png,Atelectasis,0,0.501335859298706
00021782_020.png,Consolidation,0,0.5448901653289795
00021782_020.png,Infiltration,0,0.5185304284095764
00021782_020.png,Pneumothorax,0,0.5271090269088745
00021782_020.png,Edema,0,0.02482428215444088
00021782_020.png,Emphysema,0,0.5001991987228394
00021782_020.png,Fibrosis,0,0.5104178190231323
00021782_020.png,Effusion,0,0.5452628135681152
00021782_020.png,Pneumonia,0,0.5080859065055847
00021782_020.png,Pleural_Thickening,0,0.5123711824417114
00021782_020.png,Cardiomegaly,0,0.004506644792854786
00021782_020.png,Nodule,0,0.50311279296875
00021782_020.png,Mass,0,0.6748059988021851
00021782_020.png,Hernia,0,0.0018291379092261195
00021860_000.png,Atelectasis,0,0.2672695219516754
00021860_000.png,Consolidation,0,0.12709973752498627
00021860_000.png,Infiltration,1,0.5147731304168701
00021860_000.png,Pneumothorax,0,0.0599999874830246
00021860_000.png,Edema,1,0.13307714462280273
00021860_000.png,Emphysema,0,0.19387632608413696
00021860_000.png,Fibrosis,0,0.5063690543174744
00021860_000.png,Effusion,0,0.31058594584465027
00021860_000.png,Pneumonia,0,0.028749097138643265
00021860_000.png,Pleural_Thickening,0,0.23034070432186127
00021860_000.png,Cardiomegaly,0,0.7141897678375244
00021860_000.png,Nodule,0,0.28066062927246094
00021860_000.png,Mass,0,0.14424879848957062
00021860_000.png,Hernia,0,0.00208967924118042
00021860_003.png,Atelectasis,0,0.12322759628295898
00021860_003.png,Consolidation,0,0.08102181553840637
00021860_003.png,Infiltration,0,0.5052990317344666
00021860_003.png,Pneumothorax,0,0.17516127228736877
00021860_003.png,Edema,0,0.5050280094146729
00021860_003.png,Emphysema,0,0.3186734616756439
00021860_003.png,Fibrosis,0,0.42272186279296875
00021860_003.png,Effusion,0,0.12847119569778442
00021860_003.png,Pneumonia,1,0.07442180812358856
00021860_003.png,Pleural_Thickening,0,0.08151116222143173
00021860_003.png,Cardiomegaly,0,0.7329322099685669
00021860_003.png,Nodule,0,0.42149919271469116
00021860_003.png,Mass,0,0.09908001869916916
00021860_003.png,Hernia,0,0.0021503157913684845
00021998_000.png,Atelectasis,0,0.03399938344955444
00021998_000.png,Consolidation,0,0.037150707095861435
00021998_000.png,Infiltration,1,0.4257156252861023
00021998_000.png,Pneumothorax,0,0.0720028355717659
00021998_000.png,Edema,0,0.000967128318734467
00021998_000.png,Emphysema,0,0.0931960865855217
00021998_000.png,Fibrosis,0,0.5016028881072998
00021998_000.png,Effusion,0,0.026164308190345764
00021998_000.png,Pneumonia,0,0.0005823232349939644
00021998_000.png,Pleural_Thickening,0,0.13309484720230103
00021998_000.png,Cardiomegaly,0,0.01464332640171051
00021998_000.png,Nodule,0,0.14253933727741241
00021998_000.png,Mass,0,0.13542874157428741
00021998_000.png,Hernia,0,0.0007517727790400386
00022085_001.png,Atelectasis,0,0.4962182343006134
00022085_001.png,Consolidation,0,0.5772695541381836
00022085_001.png,Infiltration,1,0.5322173833847046
00022085_001.png,Pneumothorax,0,0.5198435187339783
00022085_001.png,Edema,0,0.022970039397478104
00022085_001.png,Emphysema,0,0.3345119059085846
00022085_001.png,Fibrosis,0,0.5194860100746155
00022085_001.png,Effusion,1,0.720956563949585
00022085_001.png,Pneumonia,0,0.07713758200407028
00022085_001.png,Pleural_Thickening,1,0.5734002590179443
00022085_001.png,Cardiomegaly,0,0.06611931324005127
00022085_001.png,Nodule,0,0.523955762386322
00022085_001.png,Mass,1,0.7427721619606018
00022085_001.png,Hernia,0,0.0023517950903624296
00022235_004.png,Atelectasis,0,0.5330471992492676
00022235_004.png,Consolidation,0,0.5068948268890381
00022235_004.png,Infiltration,0,0.5190168619155884
00022235_004.png,Pneumothorax,1,0.5175794363021851
00022235_004.png,Edema,0,0.027020130306482315
00022235_004.png,Emphysema,1,0.5000136494636536
00022235_004.png,Fibrosis,0,0.52538001537323
00022235_004.png,Effusion,0,0.6209455728530884
00022235_004.png,Pneumonia,0,0.05374496802687645
00022235_004.png,Pleural_Thickening,0,0.533765435218811
00022235_004.png,Cardiomegaly,0,0.030882054939866066
00022235_004.png,Nodule,0,0.5074982047080994
00022235_004.png,Mass,1,0.7344453930854797
00022235_004.png,Hernia,0,0.0035355219151824713
00022566_023.png,Atelectasis,0,0.5001256465911865
00022566_023.png,Consolidation,0,0.5195505023002625
00022566_023.png,Infiltration,1,0.6220394968986511
00022566_023.png,Pneumothorax,0,0.5010439157485962
00022566_023.png,Edema,0,0.21756760776042938
00022566_023.png,Emphysema,0,0.5004595518112183
00022566_023.png,Fibrosis,0,0.532296359539032
00022566_023.png,Effusion,1,0.5633285641670227
00022566_023.png,Pneumonia,0,0.14992152154445648
00022566_023.png,Pleural_Thickening,0,0.5216522216796875
00022566_023.png,Cardiomegaly,0,0.5008417367935181
00022566_023.png,Nodule,0,0.5027489066123962
00022566_023.png,Mass,0,0.5315004587173462
00022566_023.png,Hernia,0,0.0700957402586937
00022720_002.png,Atelectasis,1,0.43666189908981323
00022720_002.png,Consolidation,0,0.5095292329788208
00022720_002.png,Infiltration,1,0.5266690850257874
00022720_002.png,Pneumothorax,0,0.525571346282959
00022720_002.png,Edema,1,0.05056747794151306
00022720_002.png,Emphysema,0,0.3017180263996124
00022720_002.png,Fibrosis,0,0.08946511149406433
00022720_002.png,Effusion,1,0.8698389530181885
00022720_002.png,Pneumonia,1,0.01561454962939024
00022720_002.png,Pleural_Thickening,0,0.5062328577041626
00022720_002.png,Cardiomegaly,1,0.5065685510635376
00022720_002.png,Nodule,1,0.5066039562225342
00022720_002.png,Mass,0,0.5514272451400757
00022720_002.png,Hernia,0,0.00035151373594999313
00022772_001.png,Atelectasis,0,0.4905966818332672
00022772_001.png,Consolidation,0,0.5241278409957886
00022772_001.png,Infiltration,0,0.6104840636253357
00022772_001.png,Pneumothorax,0,0.37244004011154175
00022772_001.png,Edema,0,0.2597501873970032
00022772_001.png,Emphysema,0,0.08030342310667038
00022772_001.png,Fibrosis,0,0.5116066932678223
00022772_001.png,Effusion,0,0.5296924114227295
00022772_001.png,Pneumonia,0,0.16051281988620758
00022772_001.png,Pleural_Thickening,0,0.4846799671649933
00022772_001.png,Cardiomegaly,0,0.16061948239803314
00022772_001.png,Nodule,0,0.5739806890487671
00022772_001.png,Mass,1,0.7171778678894043
00022772_001.png,Hernia,0,0.0949421301484108
00022835_005.png,Atelectasis,0,0.2632766366004944
00022835_005.png,Consolidation,0,0.13624760508537292
00022835_005.png,Infiltration,0,0.5595045685768127
00022835_005.png,Pneumothorax,0,0.06758628785610199
00022835_005.png,Edema,0,0.0008923810091800988
00022835_005.png,Emphysema,0,0.021636085584759712
00022835_005.png,Fibrosis,0,0.17717421054840088
00022835_005.png,Effusion,0,0.02172224409878254
00022835_005.png,Pneumonia,0,0.0020812498405575752
00022835_005.png,Pleural_Thickening,0,0.08082427084445953
00022835_005.png,Cardiomegaly,0,0.0019966070540249348
00022835_005.png,Nodule,0,0.24769547581672668
00022835_005.png,Mass,0,0.2347390353679657
00022835_005.png,Hernia,0,0.006210825871676207
00022844_000.png,Atelectasis,0,0.020187415182590485
00022844_000.png,Consolidation,0,0.05939802899956703
00022844_000.png,Infiltration,1,0.4871997833251953
00022844_000.png,Pneumothorax,0,0.12750039994716644
00022844_000.png,Edema,0,0.0007900224300101399
00022844_000.png,Emphysema,0,0.008306136354804039
00022844_000.png,Fibrosis,0,0.288229763507843
00022844_000.png,Effusion,0,0.016349714249372482
00022844_000.png,Pneumonia,0,0.008121629245579243
00022844_000.png,Pleural_Thickening,0,0.09380374848842621
00022844_000.png,Cardiomegaly,0,0.014070689678192139
00022844_000.png,Nodule,0,0.10747694224119186
00022844_000.png,Mass,0,0.11777934432029724
00022844_000.png,Hernia,0,0.009859331883490086
00022952_003.png,Atelectasis,0,0.49821633100509644
00022952_003.png,Consolidation,0,0.24179549515247345
00022952_003.png,Infiltration,0,0.503483772277832
00022952_003.png,Pneumothorax,0,0.15939675271511078
00022952_003.png,Edema,0,0.284250408411026
00022952_003.png,Emphysema,0,0.15911327302455902
00022952_003.png,Fibrosis,0,0.08449703454971313
00022952_003.png,Effusion,0,0.09317516535520554
00022952_003.png,Pneumonia,1,0.12310455739498138
00022952_003.png,Pleural_Thickening,0,0.037040743976831436
00022952_003.png,Cardiomegaly,0,0.37297534942626953
00022952_003.png,Nodule,0,0.50153648853302
00022952_003.png,Mass,0,0.23660112917423248
00022952_003.png,Hernia,0,0.003079966176301241
00022993_016.png,Atelectasis,0,0.30638179183006287
00022993_016.png,Consolidation,0,0.5747886300086975
00022993_016.png,Infiltration,0,0.6291453838348389
00022993_016.png,Pneumothorax,0,0.5213872194290161
00022993_016.png,Edema,1,0.511471152305603
00022993_016.png,Emphysema,0,0.5046552419662476
00022993_016.png,Fibrosis,0,0.5253409743309021
00022993_016.png,Effusion,0,0.4405241012573242
00022993_016.png,Pneumonia,1,0.7007609605789185
00022993_016.png,Pleural_Thickening,0,0.5156298279762268
00022993_016.png,Cardiomegaly,0,0.020276039838790894
00022993_016.png,Nodule,0,0.5812345147132874
00022993_016.png,Mass,0,0.7824986577033997
00022993_016.png,Hernia,0,0.0010875070001929998
00022993_017.png,Atelectasis,0,0.2540316581726074
00022993_017.png,Consolidation,0,0.6066182255744934
00022993_017.png,Infiltration,0,0.7205116748809814
00022993_017.png,Pneumothorax,0,0.5108826160430908
00022993_017.png,Edema,1,0.5562456250190735
00022993_017.png,Emphysema,0,0.5030252933502197
00022993_017.png,Fibrosis,0,0.5101590156555176
00022993_017.png,Effusion,0,0.5118099451065063
00022993_017.png,Pneumonia,1,0.9699150323867798
00022993_017.png,Pleural_Thickening,0,0.4204753041267395
00022993_017.png,Cardiomegaly,0,0.04545759782195091
00022993_017.png,Nodule,0,0.5933767557144165
00022993_017.png,Mass,0,0.5788233876228333
00022993_017.png,Hernia,0,0.0007172864279709756
00022993_018.png,Atelectasis,0,0.34085628390312195
00022993_018.png,Consolidation,0,0.5920909643173218
00022993_018.png,Infiltration,0,0.6718459129333496
00022993_018.png,Pneumothorax,0,0.5179136991500854
00022993_018.png,Edema,1,0.5858802795410156
00022993_018.png,Emphysema,0,0.5018832683563232
00022993_018.png,Fibrosis,0,0.5180886387825012
00022993_018.png,Effusion,0,0.5084980726242065
00022993_018.png,Pneumonia,1,0.8627405166625977
00022993_018.png,Pleural_Thickening,0,0.40316537022590637
00022993_018.png,Cardiomegaly,0,0.04342136159539223
00022993_018.png,Nodule,0,0.6059615612030029
00022993_018.png,Mass,0,0.580984354019165
00022993_018.png,Hernia,0,0.0042481073178350925
00023009_001.png,Atelectasis,0,0.1736667901277542
00023009_001.png,Consolidation,0,0.3423324525356293
00023009_001.png,Infiltration,1,0.5386180877685547
00023009_001.png,Pneumothorax,0,0.513809323310852
00023009_001.png,Edema,0,0.023743223398923874
00023009_001.png,Emphysema,0,0.5012136697769165
00023009_001.png,Fibrosis,1,0.5241710543632507
00023009_001.png,Effusion,0,0.5284879207611084
00023009_001.png,Pneumonia,0,0.014367888681590557
00023009_001.png,Pleural_Thickening,0,0.5253957509994507
00023009_001.png,Cardiomegaly,0,0.025978252291679382
00023009_001.png,Nodule,1,0.5047670602798462
00023009_001.png,Mass,0,0.51402747631073
00023009_001.png,Hernia,0,0.0026580735575407743
00023009_004.png,Atelectasis,0,0.20791813731193542
00023009_004.png,Consolidation,0,0.20175564289093018
00023009_004.png,Infiltration,0,0.5231130719184875
00023009_004.png,Pneumothorax,0,0.503403902053833
00023009_004.png,Edema,0,0.027910692617297173
00023009_004.png,Emphysema,0,0.5002464652061462
00023009_004.png,Fibrosis,0,0.5066065192222595
00023009_004.png,Effusion,0,0.10618714243173599
00023009_004.png,Pneumonia,0,0.018329761922359467
00023009_004.png,Pleural_Thickening,0,0.22147150337696075
00023009_004.png,Cardiomegaly,0,0.007164314389228821
00023009_004.png,Nodule,0,0.5193160772323608
00023009_004.png,Mass,0,0.5154643058776855
00023009_004.png,Hernia,0,0.00528236199170351
00023075_032.png,Atelectasis,0,0.12140291929244995
00023075_032.png,Consolidation,0,0.5255807042121887
00023075_032.png,Infiltration,0,0.5901621580123901
00023075_032.png,Pneumothorax,0,0.525359034538269
00023075_032.png,Edema,0,0.06000957638025284
00023075_032.png,Emphysema,0,0.500876247882843
00023075_032.png,Fibrosis,0,0.5251597166061401
00023075_032.png,Effusion,0,0.1289861798286438
00023075_032.png,Pneumonia,0,0.370907723903656
00023075_032.png,Pleural_Thickening,0,0.5252760648727417
00023075_032.png,Cardiomegaly,0,0.006051007658243179
00023075_032.png,Nodule,0,0.6106822490692139
00023075_032.png,Mass,0,0.6666096448898315
00023075_032.png,Hernia,0,0.001238162163645029
00023283_003.png,Atelectasis,0,0.5042097568511963
00023283_003.png,Consolidation,0,0.5175356268882751
00023283_003.png,Infiltration,0,0.6423617601394653
00023283_003.png,Pneumothorax,1,0.5027400255203247
00023283_003.png,Edema,0,0.11209782212972641
00023283_003.png,Emphysema,0,0.5015645027160645
00023283_003.png,Fibrosis,0,0.6440674066543579
00023283_003.png,Effusion,1,0.5031843781471252
00023283_003.png,Pneumonia,0,0.3493318259716034
00023283_003.png,Pleural_Thickening,0,0.5487038493156433
00023283_003.png,Cardiomegaly,0,0.40653887391090393
00023283_003.png,Nodule,0,0.5343449115753174
00023283_003.png,Mass,0,0.537064790725708
00023283_003.png,Hernia,0,0.1894414871931076
00023680_002.png,Atelectasis,0,0.11640127003192902
00023680_002.png,Consolidation,1,0.07690881192684174
00023680_002.png,Infiltration,0,0.19420020282268524
00023680_002.png,Pneumothorax,0,0.05208436772227287
00023680_002.png,Edema,0,0.001130728516727686
00023680_002.png,Emphysema,0,0.472896009683609
00023680_002.png,Fibrosis,0,0.5007208585739136
00023680_002.png,Effusion,0,0.02758045494556427
00023680_002.png,Pneumonia,0,0.0011401112424209714
00023680_002.png,Pleural_Thickening,0,0.10966876894235611
00023680_002.png,Cardiomegaly,0,0.044051267206668854
00023680_002.png,Nodule,0,0.488296777009964
00023680_002.png,Mass,0,0.5001168847084045
00023680_002.png,Hernia,0,0.007282145321369171
00025067_000.png,Atelectasis,0,0.507838249206543
00025067_000.png,Consolidation,0,0.5503572225570679
00025067_000.png,Infiltration,1,0.5614420175552368
00025067_000.png,Pneumothorax,0,0.5083365440368652
00025067_000.png,Edema,0,0.04930277168750763
00025067_000.png,Emphysema,0,0.4130282998085022
00025067_000.png,Fibrosis,0,0.526890754699707
00025067_000.png,Effusion,0,0.44098344445228577
00025067_000.png,Pneumonia,0,0.548061728477478
00025067_000.png,Pleural_Thickening,1,0.5094764828681946
00025067_000.png,Cardiomegaly,0,0.016076620668172836
00025067_000.png,Nodule,0,0.5238234996795654
00025067_000.png,Mass,0,0.7728972434997559
00025067_000.png,Hernia,0,0.003168272553011775
00025128_007.png,Atelectasis,0,0.059829745441675186
00025128_007.png,Consolidation,0,0.3159119784832001
00025128_007.png,Infiltration,0,0.41978877782821655
00025128_007.png,Pneumothorax,0,0.11648642271757126
00025128_007.png,Edema,0,0.010306954383850098
00025128_007.png,Emphysema,0,0.05152488872408867
00025128_007.png,Fibrosis,0,0.22253894805908203
00025128_007.png,Effusion,0,0.31264880299568176
00025128_007.png,Pneumonia,0,0.0007518822094425559
00025128_007.png,Pleural_Thickening,0,0.09231433272361755
00025128_007.png,Cardiomegaly,0,0.0291926059871912
00025128_007.png,Nodule,0,0.8077028393745422
00025128_007.png,Mass,1,0.931451678276062
00025128_007.png,Hernia,0,0.014446699060499668
00025228_004.png,Atelectasis,0,0.5285806655883789
00025228_004.png,Consolidation,0,0.5289546847343445
00025228_004.png,Infiltration,1,0.6253176927566528
00025228_004.png,Pneumothorax,0,0.5048162937164307
00025228_004.png,Edema,1,0.5247029066085815
00025228_004.png,Emphysema,0,0.5015021562576294
00025228_004.png,Fibrosis,0,0.5219981670379639
00025228_004.png,Effusion,0,0.5806684494018555
00025228_004.png,Pneumonia,0,0.5453659892082214
00025228_004.png,Pleural_Thickening,0,0.4584059715270996
00025228_004.png,Cardiomegaly,0,0.5618360042572021
00025228_004.png,Nodule,0,0.5193238258361816
00025228_004.png,Mass,0,0.5463622808456421
00025228_004.png,Hernia,0,0.20466725528240204
00025419_000.png,Atelectasis,0,0.2467767894268036
00025419_000.png,Consolidation,0,0.22539056837558746
00025419_000.png,Infiltration,0,0.5414894819259644
00025419_000.png,Pneumothorax,0,0.28944823145866394
00025419_000.png,Edema,0,0.013758447952568531
00025419_000.png,Emphysema,0,0.1932806372642517
00025419_000.png,Fibrosis,0,0.5230258107185364
00025419_000.png,Effusion,0,0.07367179542779922
00025419_000.png,Pneumonia,0,0.05925610288977623
00025419_000.png,Pleural_Thickening,0,0.5029078722000122
00025419_000.png,Cardiomegaly,0,0.009494071826338768
00025419_000.png,Nodule,0,0.5197988748550415
00025419_000.png,Mass,0,0.5226638913154602
00025419_000.png,Hernia,0,0.006581173278391361
00025583_005.png,Atelectasis,0,0.04814133793115616
00025583_005.png,Consolidation,0,0.0953085646033287
00025583_005.png,Infiltration,0,0.5161641836166382
00025583_005.png,Pneumothorax,0,0.08849604427814484
00025583_005.png,Edema,0,0.0005992149235680699
00025583_005.png,Emphysema,0,0.0679488405585289
00025583_005.png,Fibrosis,0,0.47370222210884094
00025583_005.png,Effusion,0,0.019030887633562088
00025583_005.png,Pneumonia,1,0.012968599796295166
00025583_005.png,Pleural_Thickening,0,0.17189572751522064
00025583_005.png,Cardiomegaly,0,0.0016345111653208733
00025583_005.png,Nodule,0,0.35438674688339233
00025583_005.png,Mass,0,0.2809944748878479
00025583_005.png,Hernia,0,0.00030884717125445604
00025761_001.png,Atelectasis,0,0.5361460447311401
00025761_001.png,Consolidation,0,0.5511083602905273
00025761_001.png,Infiltration,0,0.5467417240142822
00025761_001.png,Pneumothorax,0,0.5158719420433044
00025761_001.png,Edema,0,0.06428824365139008
00025761_001.png,Emphysema,0,0.5001410841941833
00025761_001.png,Fibrosis,0,0.5118245482444763
00025761_001.png,Effusion,1,0.6589450836181641
00025761_001.png,Pneumonia,0,0.11690129339694977
00025761_001.png,Pleural_Thickening,0,0.5705093145370483
00025761_001.png,Cardiomegaly,0,0.14122192561626434
00025761_001.png,Nodule,0,0.5326926112174988
00025761_001.png,Mass,1,0.7700628042221069
00025761_001.png,Hernia,0,0.008046554401516914
00025896_004.png,Atelectasis,0,0.005111951380968094
00025896_004.png,Consolidation,0,0.017832135781645775
00025896_004.png,Infiltration,0,0.41841647028923035
00025896_004.png,Pneumothorax,0,0.22798095643520355
00025896_004.png,Edema,0,0.0012436927063390613
00025896_004.png,Emphysema,0,0.29858162999153137
00025896_004.png,Fibrosis,0,0.288701593875885
00025896_004.png,Effusion,0,0.006582518573850393
00025896_004.png,Pneumonia,0,0.0009559658356010914
00025896_004.png,Pleural_Thickening,0,0.12859834730625153
00025896_004.png,Cardiomegaly,0,0.0037612495943903923
00025896_004.png,Nodule,0,0.24869003891944885
00025896_004.png,Mass,0,0.11797282099723816
00025896_004.png,Hernia,0,5.366994810174219e-05
00026072_003.png,Atelectasis,0,0.5348025560379028
00026072_003.png,Consolidation,0,0.5007278919219971
00026072_003.png,Infiltration,0,0.535500168800354
00026072_003.png,Pneumothorax,0,0.500322163105011
00026072_003.png,Edema,0,0.40670090913772583
00026072_003.png,Emphysema,1,0.3970597982406616
00026072_003.png,Fibrosis,0,0.5022096037864685
00026072_003.png,Effusion,0,0.5073907375335693
00026072_003.png,Pneumonia,1,0.30883461236953735
00026072_003.png,Pleural_Thickening,0,0.421420156955719
00026072_003.png,Cardiomegaly,0,0.5196154713630676
00026072_003.png,Nodule,0,0.3641720116138458
00026072_003.png,Mass,0,0.503689706325531
00026072_003.png,Hernia,0,0.119488924741745
00026077_001.png,Atelectasis,0,0.19134259223937988
00026077_001.png,Consolidation,0,0.08549553900957108
00026077_001.png,Infiltration,0,0.464473158121109
00026077_001.png,Pneumothorax,0,0.16607189178466797
00026077_001.png,Edema,0,0.12452758103609085
00026077_001.png,Emphysema,0,0.27281346917152405
00026077_001.png,Fibrosis,0,0.07707575708627701
00026077_001.png,Effusion,0,0.04159803315997124
00026077_001.png,Pneumonia,0,0.015573931857943535
00026077_001.png,Pleural_Thickening,0,0.052060745656490326
00026077_001.png,Cardiomegaly,0,0.19725100696086884
00026077_001.png,Nodule,0,0.36288732290267944
00026077_001.png,Mass,0,0.5016492605209351
00026077_001.png,Hernia,0,0.029807832092046738
00026078_003.png,Atelectasis,0,0.3584272265434265
00026078_003.png,Consolidation,0,0.5299512147903442
00026078_003.png,Infiltration,0,0.5887458324432373
00026078_003.png,Pneumothorax,1,0.5336982011795044
00026078_003.png,Edema,0,0.5028293132781982
00026078_003.png,Emphysema,0,0.5030918121337891
00026078_003.png,Fibrosis,0,0.5219943523406982
00026078_003.png,Effusion,0,0.4679849147796631
00026078_003.png,Pneumonia,0,0.5252120494842529
00026078_003.png,Pleural_Thickening,0,0.5176810026168823
00026078_003.png,Cardiomegaly,0,0.04968107119202614
00026078_003.png,Nodule,0,0.5837537050247192
00026078_003.png,Mass,0,0.566990852355957
00026078_003.png,Hernia,0,0.0075256796553730965
00026196_001.png,Atelectasis,0,0.5830822587013245
00026196_001.png,Consolidation,0,0.5100414752960205
00026196_001.png,Infiltration,0,0.5340607762336731
00026196_001.png,Pneumothorax,0,0.5016626119613647
00026196_001.png,Edema,0,0.03268804773688316
00026196_001.png,Emphysema,0,0.5027180910110474
00026196_001.png,Fibrosis,0,0.5413458347320557
00026196_001.png,Effusion,0,0.5529134273529053
00026196_001.png,Pneumonia,1,0.06687194108963013
00026196_001.png,Pleural_Thickening,0,0.5217396020889282
00026196_001.png,Cardiomegaly,0,0.14849096536636353
00026196_001.png,Nodule,1,0.5531340837478638
00026196_001.png,Mass,1,0.5619611740112305
00026196_001.png,Hernia,0,0.06029053404927254
00026560_010.png,Atelectasis,0,0.3538294732570648
00026560_010.png,Consolidation,1,0.2094758301973343
00026560_010.png,Infiltration,0,0.517754316329956
00026560_010.png,Pneumothorax,0,0.19612634181976318
00026560_010.png,Edema,0,0.22427453100681305
00026560_010.png,Emphysema,0,0.2917840778827667
00026560_010.png,Fibrosis,0,0.5000605583190918
00026560_010.png,Effusion,0,0.36012300848960876
00026560_010.png,Pneumonia,1,0.039810724556446075
00026560_010.png,Pleural_Thickening,0,0.11791110783815384
00026560_010.png,Cardiomegaly,1,0.6268255710601807
00026560_010.png,Nodule,0,0.18925942480564117
00026560_010.png,Mass,0,0.2761881351470947
00026560_010.png,Hernia,0,0.012094893492758274
00026576_004.png,Atelectasis,0,0.013307031244039536
00026576_004.png,Consolidation,0,0.04172612726688385
00026576_004.png,Infiltration,0,0.5061619281768799
00026576_004.png,Pneumothorax,0,0.16240914165973663
00026576_004.png,Edema,0,0.0014780184719711542
00026576_004.png,Emphysema,0,0.2971045672893524
00026576_004.png,Fibrosis,0,0.5003119707107544
00026576_004.png,Effusion,0,0.01902572065591812
00026576_004.png,Pneumonia,0,0.011193658225238323
00026576_004.png,Pleural_Thickening,0,0.23772300779819489
00026576_004.png,Cardiomegaly,0,0.0022709108889102936
00026576_004.png,Nodule,0,0.1411953866481781
00026576_004.png,Mass,0,0.05184284970164299
00026576_004.png,Hernia,0,0.026148084551095963
00026576_007.png,Atelectasis,0,0.533946692943573
00026576_007.png,Consolidation,0,0.5236299633979797
00026576_007.png,Infiltration,0,0.6723139882087708
00026576_007.png,Pneumothorax,0,0.511223554611206
00026576_007.png,Edema,1,0.5009881854057312
00026576_007.png,Emphysema,0,0.4105245769023895
00026576_007.png,Fibrosis,0,0.515372097492218
00026576_007.png,Effusion,0,0.7011369466781616
00026576_007.png,Pneumonia,1,0.36510342359542847
00026576_007.png,Pleural_Thickening,0,0.5266960263252258
00026576_007.png,Cardiomegaly,0,0.2702159881591797
00026576_007.png,Nodule,0,0.510382354259491
00026576_007.png,Mass,0,0.5258767604827881
00026576_007.png,Hernia,0,0.2980804741382599
00026773_001.png,Atelectasis,1,0.584545373916626
00026773_001.png,Consolidation,0,0.28507351875305176
00026773_001.png,Infiltration,0,0.5152164697647095
00026773_001.png,Pneumothorax,0,0.2747844159603119
00026773_001.png,Edema,0,0.012855683453381062
00026773_001.png,Emphysema,0,0.500924825668335
00026773_001.png,Fibrosis,0,0.550400972366333
00026773_001.png,Effusion,0,0.3072032630443573
00026773_001.png,Pneumonia,0,0.022615447640419006
00026773_001.png,Pleural_Thickening,0,0.5139129161834717
00026773_001.png,Cardiomegaly,0,0.16975842416286469
00026773_001.png,Nodule,1,0.5051239132881165
00026773_001.png,Mass,0,0.510114312171936
00026773_001.png,Hernia,0,0.04422615468502045
00026806_000.png,Atelectasis,0,0.35369327664375305
00026806_000.png,Consolidation,0,0.5037792921066284
00026806_000.png,Infiltration,0,0.5289969444274902
00026806_000.png,Pneumothorax,0,0.42315956950187683
00026806_000.png,Edema,0,0.03141411393880844
00026806_000.png,Emphysema,0,0.5032361745834351
00026806_000.png,Fibrosis,0,0.5277622938156128
00026806_000.png,Effusion,0,0.3014431595802307
00026806_000.png,Pneumonia,1,0.22053757309913635
00026806_000.png,Pleural_Thickening,0,0.5066741108894348
00026806_000.png,Cardiomegaly,0,0.22399677336215973
00026806_000.png,Nodule,0,0.500108003616333
00026806_000.png,Mass,0,0.5076596736907959
00026806_000.png,Hernia,0,0.02887999266386032
00026937_000.png,Atelectasis,0,0.5123170614242554
00026937_000.png,Consolidation,0,0.20971933007240295
00026937_000.png,Infiltration,0,0.5142405033111572
00026937_000.png,Pneumothorax,0,0.5023566484451294
00026937_000.png,Edema,0,0.0011662625474855304
00026937_000.png,Emphysema,0,0.06601598858833313
00026937_000.png,Fibrosis,0,0.5119996070861816
00026937_000.png,Effusion,0,0.15120884776115417
00026937_000.png,Pneumonia,0,0.018696032464504242
00026937_000.png,Pleural_Thickening,0,0.3472997844219208
00026937_000.png,Cardiomegaly,0,0.0025105420500040054
00026937_000.png,Nodule,0,0.2835063636302948
00026937_000.png,Mass,0,0.2576398253440857
00026937_000.png,Hernia,0,0.0048475926741957664
00026971_012.png,Atelectasis,0,0.06450376659631729
00026971_012.png,Consolidation,0,0.556656002998352
00026971_012.png,Infiltration,1,0.7084518671035767
00026971_012.png,Pneumothorax,0,0.3209889829158783
00026971_012.png,Edema,1,0.33435070514678955
00026971_012.png,Emphysema,0,0.5004869699478149
00026971_012.png,Fibrosis,0,0.5250846743583679
00026971_012.png,Effusion,0,0.052567366510629654
00026971_012.png,Pneumonia,1,0.7778558731079102
00026971_012.png,Pleural_Thickening,0,0.22232036292552948
00026971_012.png,Cardiomegaly,0,0.0269659161567688
00026971_012.png,Nodule,0,0.5398378372192383
00026971_012.png,Mass,0,0.5304702520370483
00026971_012.png,Hernia,0,0.00023968916502781212
00027142_002.png,Atelectasis,0,0.5108214616775513
00027142_002.png,Consolidation,0,0.5028845071792603
00027142_002.png,Infiltration,0,0.24334461987018585
00027142_002.png,Pneumothorax,0,0.40475279092788696
00027142_002.png,Edema,0,0.3715413808822632
00027142_002.png,Emphysema,0,0.12256120145320892
00027142_002.png,Fibrosis,0,0.07126647979021072
00027142_002.png,Effusion,0,0.10888995975255966
00027142_002.png,Pneumonia,0,0.3517436981201172
00027142_002.png,Pleural_Thickening,0,0.11675933748483658
00027142_002.png,Cardiomegaly,0,0.045601438730955124
00027142_002.png,Nodule,0,0.2779719829559326
00027142_002.png,Mass,0,0.39840877056121826
00027142_002.png,Hernia,0,0.025116097182035446
00027278_007.png,Atelectasis,0,0.16395409405231476
00027278_007.png,Consolidation,0,0.5665029287338257
00027278_007.png,Infiltration,1,0.6221888661384583
00027278_007.png,Pneumothorax,1,0.5044643878936768
00027278_007.png,Edema,0,0.032577306032180786
00027278_007.png,Emphysema,1,0.47741588950157166
00027278_007.png,Fibrosis,0,0.6104562282562256
00027278_007.png,Effusion,1,0.44579118490219116
00027278_007.png,Pneumonia,0,0.2979547381401062
00027278_007.png,Pleural_Thickening,0,0.5560015439987183
00027278_007.png,Cardiomegaly,0,0.11089148372411728
00027278_007.png,Nodule,0,0.5728304386138916
00027278_007.png,Mass,0,0.5972413420677185
00027278_007.png,Hernia,0,0.0021430167835205793
00027357_008.png,Atelectasis,0,0.35639074444770813
00027357_008.png,Consolidation,0,0.5081694722175598
00027357_008.png,Infiltration,0,0.5178821682929993
00027357_008.png,Pneumothorax,0,0.5228983759880066
00027357_008.png,Edema,0,0.21736758947372437
00027357_008.png,Emphysema,0,0.5060698390007019
00027357_008.png,Fibrosis,0,0.5008531212806702
00027357_008.png,Effusion,0,0.14412757754325867
00027357_008.png,Pneumonia,0,0.5307868719100952
00027357_008.png,Pleural_Thickening,0,0.44355323910713196
00027357_008.png,Cardiomegaly,0,0.047956254333257675
00027357_008.png,Nodule,0,0.5065329074859619
00027357_008.png,Mass,0,0.5265089273452759
00027357_008.png,Hernia,0,0.0074040209874510765
00027464_000.png,Atelectasis,0,0.5067933797836304
00027464_000.png,Consolidation,0,0.593003511428833
00027464_000.png,Infiltration,0,0.6134968996047974
00027464_000.png,Pneumothorax,0,0.5127130746841431
00027464_000.png,Edema,0,0.5051995515823364
00027464_000.png,Emphysema,0,0.39357757568359375
00027464_000.png,Fibrosis,0,0.5154112577438354
00027464_000.png,Effusion,0,0.6021075248718262
00027464_000.png,Pneumonia,0,0.4059659540653229
00027464_000.png,Pleural_Thickening,0,0.5055936574935913
00027464_000.png,Cardiomegaly,0,0.5339922904968262
00027464_000.png,Nodule,0,0.5592829585075378
00027464_000.png,Mass,1,0.7233810424804688
00027464_000.png,Hernia,0,0.013075842522084713
00027464_012.png,Atelectasis,1,0.2869814932346344
00027464_012.png,Consolidation,0,0.5884497165679932
00027464_012.png,Infiltration,0,0.731065034866333
00027464_012.png,Pneumothorax,0,0.5080790519714355
00027464_012.png,Edema,0,0.5539368391036987
00027464_012.png,Emphysema,0,0.28308534622192383
00027464_012.png,Fibrosis,0,0.5290235877037048
00027464_012.png,Effusion,0,0.5353743433952332
00027464_012.png,Pneumonia,0,0.69342440366745
00027464_012.png,Pleural_Thickening,0,0.36688849329948425
00027464_012.png,Cardiomegaly,0,0.5255331993103027
00027464_012.png,Nodule,0,0.5540693998336792
00027464_012.png,Mass,0,0.6223147511482239
00027464_012.png,Hernia,0,0.010641357861459255
00027465_000.png,Atelectasis,0,0.6021539568901062
00027465_000.png,Consolidation,0,0.5630775094032288
00027465_000.png,Infiltration,0,0.5190411806106567
00027465_000.png,Pneumothorax,0,0.5310565233230591
00027465_000.png,Edema,0,0.2182270884513855
00027465_000.png,Emphysema,0,0.5028175115585327
00027465_000.png,Fibrosis,0,0.5501390695571899
00027465_000.png,Effusion,1,0.7367973327636719
00027465_000.png,Pneumonia,0,0.2814386188983917
00027465_000.png,Pleural_Thickening,1,0.5778502225875854
00027465_000.png,Cardiomegaly,0,0.30310484766960144
00027465_000.png,Nodule,0,0.5181986093521118
00027465_000.png,Mass,1,0.6641926765441895
00027465_000.png,Hernia,0,0.02074531838297844
00027706_019.png,Atelectasis,0,0.5181798338890076
00027706_019.png,Consolidation,0,0.6019538640975952
00027706_019.png,Infiltration,1,0.7409305572509766
00027706_019.png,Pneumothorax,0,0.512812077999115
00027706_019.png,Edema,0,0.5688026547431946
00027706_019.png,Emphysema,0,0.1887279748916626
00027706_019.png,Fibrosis,0,0.5165671110153198
00027706_019.png,Effusion,0,0.6228315830230713
00027706_019.png,Pneumonia,0,0.5432889461517334
00027706_019.png,Pleural_Thickening,0,0.23754523694515228
00027706_019.png,Cardiomegaly,1,0.5644829869270325
00027706_019.png,Nodule,0,0.558128833770752
00027706_019.png,Mass,0,0.5774478316307068
00027706_019.png,Hernia,0,0.0072138672694563866
00027706_020.png,Atelectasis,0,0.26960891485214233
00027706_020.png,Consolidation,0,0.6455457210540771
00027706_020.png,Infiltration,1,0.7229005098342896
00027706_020.png,Pneumothorax,0,0.5199942588806152
00027706_020.png,Edema,1,0.5420854687690735
00027706_020.png,Emphysema,0,0.33259904384613037
00027706_020.png,Fibrosis,0,0.5383957624435425
00027706_020.png,Effusion,0,0.5254465341567993
00027706_020.png,Pneumonia,1,0.8260946869850159
00027706_020.png,Pleural_Thickening,0,0.24333184957504272
00027706_020.png,Cardiomegaly,0,0.08502601087093353
00027706_020.png,Nodule,0,0.5374183654785156
00027706_020.png,Mass,0,0.5744622349739075
00027706_020.png,Hernia,0,9.932690591085702e-05
00027706_022.png,Atelectasis,0,0.5081698894500732
00027706_022.png,Consolidation,0,0.5476943254470825
00027706_022.png,Infiltration,1,0.6131629943847656
00027706_022.png,Pneumothorax,0,0.5159211158752441
00027706_022.png,Edema,0,0.5042091012001038
00027706_022.png,Emphysema,0,0.5004866123199463
00027706_022.png,Fibrosis,0,0.5052676200866699
00027706_022.png,Effusion,0,0.5613476634025574
00027706_022.png,Pneumonia,1,0.21181626617908478
00027706_022.png,Pleural_Thickening,0,0.39650970697402954
00027706_022.png,Cardiomegaly,0,0.4200706481933594
00027706_022.png,Nodule,0,0.5187363028526306
00027706_022.png,Mass,0,0.566996157169342
00027706_022.png,Hernia,0,0.007894067093729973
00027772_000.png,Atelectasis,0,0.006717769894748926
00027772_000.png,Consolidation,0,0.015647994354367256
00027772_000.png,Infiltration,0,0.5141890645027161
00027772_000.png,Pneumothorax,0,0.0499982051551342
00027772_000.png,Edema,0,0.00020944529387634248
00027772_000.png,Emphysema,0,0.024875132367014885
00027772_000.png,Fibrosis,0,0.02007044292986393
00027772_000.png,Effusion,0,0.00436687795445323
00027772_000.png,Pneumonia,0,0.0002785440592560917
00027772_000.png,Pleural_Thickening,0,0.025547217577695847
00027772_000.png,Cardiomegaly,0,0.0046979994513094425
00027772_000.png,Nodule,1,0.20278562605381012
00027772_000.png,Mass,0,0.07694578170776367
00027772_000.png,Hernia,0,0.00026954716304317117
00027782_005.png,Atelectasis,0,0.3376070261001587
00027782_005.png,Consolidation,0,0.15405794978141785
00027782_005.png,Infiltration,0,0.46305930614471436
00027782_005.png,Pneumothorax,0,0.31494927406311035
00027782_005.png,Edema,0,0.14112938940525055
00027782_005.png,Emphysema,0,0.5011142492294312
00027782_005.png,Fibrosis,0,0.38052767515182495
00027782_005.png,Effusion,0,0.14285783469676971
00027782_005.png,Pneumonia,0,0.024767529219388962
00027782_005.png,Pleural_Thickening,0,0.09893273562192917
00027782_005.png,Cardiomegaly,1,0.5096895694732666
00027782_005.png,Nodule,0,0.4081645607948303
00027782_005.png,Mass,0,0.3408372700214386
00027782_005.png,Hernia,0,0.021692363545298576
00027975_001.png,Atelectasis,0,0.006278955843299627
00027975_001.png,Consolidation,0,0.09929899126291275
00027975_001.png,Infiltration,0,0.5205773711204529
00027975_001.png,Pneumothorax,0,0.05104061961174011
00027975_001.png,Edema,0,0.00030011311173439026
00027975_001.png,Emphysema,0,0.004263665527105331
00027975_001.png,Fibrosis,0,0.019492600113153458
00027975_001.png,Effusion,0,0.010405251756310463
00027975_001.png,Pneumonia,0,0.001367202028632164
00027975_001.png,Pleural_Thickening,0,0.029079316183924675
00027975_001.png,Cardiomegaly,0,0.001430695760063827
00027975_001.png,Nodule,0,0.0772530734539032
00027975_001.png,Mass,0,0.0398712083697319
00027975_001.png,Hernia,0,0.00013123049575369805
00028076_000.png,Atelectasis,0,0.009347307495772839
00028076_000.png,Consolidation,0,0.16688956320285797
00028076_000.png,Infiltration,0,0.5277838110923767
00028076_000.png,Pneumothorax,0,0.24773699045181274
00028076_000.png,Edema,0,0.07363280653953552
00028076_000.png,Emphysema,0,0.037837009876966476
00028076_000.png,Fibrosis,0,0.03875322267413139
00028076_000.png,Effusion,0,0.028603507205843925
00028076_000.png,Pneumonia,1,0.1075674295425415
00028076_000.png,Pleural_Thickening,0,0.010796647518873215
00028076_000.png,Cardiomegaly,0,0.035165220499038696
00028076_000.png,Nodule,0,0.07679890841245651
00028076_000.png,Mass,0,0.02439165860414505
00028076_000.png,Hernia,0,8.911913027986884e-05
00028097_001.png,Atelectasis,0,0.4141382873058319
00028097_001.png,Consolidation,0,0.31529501080513
00028097_001.png,Infiltration,0,0.4744223952293396
00028097_001.png,Pneumothorax,0,0.2764761745929718
00028097_001.png,Edema,0,0.0433344803750515
00028097_001.png,Emphysema,0,0.1039280816912651
00028097_001.png,Fibrosis,0,0.5000485181808472
00028097_001.png,Effusion,0,0.147303968667984
00028097_001.png,Pneumonia,0,0.014146233908832073
00028097_001.png,Pleural_Thickening,0,0.20403829216957092
00028097_001.png,Cardiomegaly,0,0.04351691156625748
00028097_001.png,Nodule,0,0.3223739266395569
00028097_001.png,Mass,0,0.5044528841972351
00028097_001.png,Hernia,0,0.27629148960113525
00028427_000.png,Atelectasis,0,0.05567927658557892
00028427_000.png,Consolidation,0,0.1978387087583542
00028427_000.png,Infiltration,0,0.5312609672546387
00028427_000.png,Pneumothorax,0,0.15001319348812103
00028427_000.png,Edema,0,0.010450087487697601
00028427_000.png,Emphysema,0,0.0068009584210813046
00028427_000.png,Fibrosis,0,0.030410360544919968
00028427_000.png,Effusion,0,0.02117987908422947
00028427_000.png,Pneumonia,0,0.00830160267651081
00028427_000.png,Pleural_Thickening,0,0.022805489599704742
00028427_000.png,Cardiomegaly,0,0.02051694691181183
00028427_000.png,Nodule,0,0.1937250792980194
00028427_000.png,Mass,0,0.0973740890622139
00028427_000.png,Hernia,0,0.00039896040107123554
00028764_002.png,Atelectasis,0,0.5100916624069214
00028764_002.png,Consolidation,0,0.5135113000869751
00028764_002.png,Infiltration,0,0.5464878082275391
00028764_002.png,Pneumothorax,0,0.5071725845336914
00028764_002.png,Edema,0,0.060117583721876144
00028764_002.png,Emphysema,0,0.029324689880013466
00028764_002.png,Fibrosis,0,0.21632952988147736
00028764_002.png,Effusion,0,0.6264204978942871
00028764_002.png,Pneumonia,1,0.03313172236084938
00028764_002.png,Pleural_Thickening,0,0.5109974145889282
00028764_002.png,Cardiomegaly,0,0.08360791206359863
00028764_002.png,Nodule,0,0.2643946707248688
00028764_002.png,Mass,0,0.5612454414367676
00028764_002.png,Hernia,0,0.5148241519927979
00028764_004.png,Atelectasis,0,0.0015518574509769678
00028764_004.png,Consolidation,0,0.019711079075932503
00028764_004.png,Infiltration,1,0.4275031089782715
00028764_004.png,Pneumothorax,0,0.06951955705881119
00028764_004.png,Edema,0,0.0011539087863638997
00028764_004.png,Emphysema,0,0.024710776284337044
00028764_004.png,Fibrosis,0,0.02404409646987915
00028764_004.png,Effusion,1,0.0034909136593341827
00028764_004.png,Pneumonia,1,0.0015088948421180248
00028764_004.png,Pleural_Thickening,0,0.019754229113459587
00028764_004.png,Cardiomegaly,0,0.0009698152425698936
00028764_004.png,Nodule,0,0.08262708783149719
00028764_004.png,Mass,0,0.015595157630741596
00028764_004.png,Hernia,0,6.726192805217579e-05
00028765_013.png,Atelectasis,0,0.5672444701194763
00028765_013.png,Consolidation,0,0.5541802048683167
00028765_013.png,Infiltration,0,0.5941177606582642
00028765_013.png,Pneumothorax,0,0.5127930641174316
00028765_013.png,Edema,0,0.4605785012245178
00028765_013.png,Emphysema,0,0.5042610764503479
00028765_013.png,Fibrosis,0,0.5255441665649414
00028765_013.png,Effusion,0,0.6822730302810669
00028765_013.png,Pneumonia,0,0.5421781539916992
00028765_013.png,Pleural_Thickening,1,0.6223502159118652
00028765_013.png,Cardiomegaly,0,0.29087957739830017
00028765_013.png,Nodule,0,0.5165904760360718
00028765_013.png,Mass,0,0.6229432821273804
00028765_013.png,Hernia,0,0.16307185590267181
00028765_019.png,Atelectasis,1,0.5113236904144287
00028765_019.png,Consolidation,1,0.6111407279968262
00028765_019.png,Infiltration,1,0.6943597793579102
00028765_019.png,Pneumothorax,0,0.5170981884002686
00028765_019.png,Edema,0,0.5158218145370483
00028765_019.png,Emphysema,0,0.502806544303894
00028765_019.png,Fibrosis,0,0.5117102265357971
00028765_019.png,Effusion,0,0.5485939383506775
00028765_019.png,Pneumonia,0,0.8856813907623291
00028765_019.png,Pleural_Thickening,0,0.41626644134521484
00028765_019.png,Cardiomegaly,0,0.07125364989042282
00028765_019.png,Nodule,0,0.5309748649597168
00028765_019.png,Mass,0,0.6203032732009888
00028765_019.png,Hernia,0,0.0009548491798341274
00028774_008.png,Atelectasis,0,0.31275108456611633
00028774_008.png,Consolidation,0,0.5691904425621033
00028774_008.png,Infiltration,0,0.6489753723144531
00028774_008.png,Pneumothorax,0,0.5129397511482239
00028774_008.png,Edema,0,0.5007553696632385
00028774_008.png,Emphysema,0,0.5028968453407288
00028774_008.png,Fibrosis,0,0.6040638089179993
00028774_008.png,Effusion,0,0.5258276462554932
00028774_008.png,Pneumonia,0,0.5283945798873901
00028774_008.png,Pleural_Thickening,0,0.5353257060050964
00028774_008.png,Cardiomegaly,0,0.12361757457256317
00028774_008.png,Nodule,0,0.5526188015937805
00028774_008.png,Mass,0,0.6662099957466125
00028774_008.png,Hernia,0,0.005429981742054224
00028774_038.png,Atelectasis,0,0.507296621799469
00028774_038.png,Consolidation,0,0.5398030281066895
00028774_038.png,Infiltration,1,0.5731950998306274
00028774_038.png,Pneumothorax,0,0.5088412761688232
00028774_038.png,Edema,0,0.39509642124176025
00028774_038.png,Emphysema,0,0.5025643110275269
00028774_038.png,Fibrosis,0,0.5058809518814087
00028774_038.png,Effusion,0,0.5351309776306152
00028774_038.png,Pneumonia,0,0.19282884895801544
00028774_038.png,Pleural_Thickening,0,0.47458088397979736
00028774_038.png,Cardiomegaly,0,0.07479593902826309
00028774_038.png,Nodule,0,0.5299258232116699
00028774_038.png,Mass,1,0.6020041108131409
00028774_038.png,Hernia,0,0.017364054918289185
00028849_001.png,Atelectasis,0,0.10971803963184357
00028849_001.png,Consolidation,0,0.11559071391820908
00028849_001.png,Infiltration,0,0.5632814168930054
00028849_001.png,Pneumothorax,0,0.056721799075603485
00028849_001.png,Edema,0,0.08262576162815094
00028849_001.png,Emphysema,0,0.023190153762698174
00028849_001.png,Fibrosis,0,0.04506311193108559
00028849_001.png,Effusion,0,0.054828427731990814
00028849_001.png,Pneumonia,0,0.005829064641147852
00028849_001.png,Pleural_Thickening,0,0.06427277624607086
00028849_001.png,Cardiomegaly,0,0.46072277426719666
00028849_001.png,Nodule,0,0.2169523686170578
00028849_001.png,Mass,0,0.16882477700710297
00028849_001.png,Hernia,0,0.005179177969694138
00028924_003.png,Atelectasis,1,0.4070262312889099
00028924_003.png,Consolidation,0,0.5073058605194092
00028924_003.png,Infiltration,0,0.5517550110816956
00028924_003.png,Pneumothorax,0,0.5004376173019409
00028924_003.png,Edema,0,0.43558207154273987
00028924_003.png,Emphysema,0,0.500264585018158
00028924_003.png,Fibrosis,0,0.5020361542701721
00028924_003.png,Effusion,0,0.12179508805274963
00028924_003.png,Pneumonia,0,0.11990765482187271
00028924_003.png,Pleural_Thickening,1,0.5040808320045471
00028924_003.png,Cardiomegaly,0,0.34580761194229126
00028924_003.png,Nodule,0,0.5253571271896362
00028924_003.png,Mass,0,0.5593758821487427
00028924_003.png,Hernia,0,0.013273616321384907
00028987_003.png,Atelectasis,0,0.16774162650108337
00028987_003.png,Consolidation,0,0.3812725841999054
00028987_003.png,Infiltration,1,0.6221550703048706
00028987_003.png,Pneumothorax,0,0.5033098459243774
00028987_003.png,Edema,1,0.5040143132209778
00028987_003.png,Emphysema,0,0.3185780644416809
00028987_003.png,Fibrosis,0,0.5068268775939941
00028987_003.png,Effusion,0,0.2002432644367218
00028987_003.png,Pneumonia,1,0.5082837343215942
00028987_003.png,Pleural_Thickening,0,0.18156740069389343
00028987_003.png,Cardiomegaly,0,0.1480785608291626
00028987_003.png,Nodule,0,0.5134027004241943
00028987_003.png,Mass,0,0.5222870111465454
00028987_003.png,Hernia,0,0.019413305446505547
00029121_000.png,Atelectasis,1,0.014852309599518776
00029121_000.png,Consolidation,0,0.0826437845826149
00029121_000.png,Infiltration,0,0.5221332311630249
00029121_000.png,Pneumothorax,0,0.25513777136802673
00029121_000.png,Edema,0,0.060556355863809586
00029121_000.png,Emphysema,0,0.03841370344161987
00029121_000.png,Fibrosis,1,0.028138989582657814
00029121_000.png,Effusion,0,0.044667892158031464
00029121_000.png,Pneumonia,0,0.01802472025156021
00029121_000.png,Pleural_Thickening,0,0.018114378675818443
00029121_000.png,Cardiomegaly,0,0.12428319454193115
00029121_000.png,Nodule,0,0.08312437683343887
00029121_000.png,Mass,0,0.015642615035176277
00029121_000.png,Hernia,0,0.0007623984711244702
00029166_000.png,Atelectasis,1,0.1939609944820404
00029166_000.png,Consolidation,0,0.07981359958648682
00029166_000.png,Infiltration,0,0.5070840120315552
00029166_000.png,Pneumothorax,0,0.04863414168357849
00029166_000.png,Edema,0,0.05614178627729416
00029166_000.png,Emphysema,0,0.14658518135547638
00029166_000.png,Fibrosis,0,0.10716350376605988
00029166_000.png,Effusion,0,0.06393199414014816
00029166_000.png,Pneumonia,0,0.005223359912633896
00029166_000.png,Pleural_Thickening,0,0.19126123189926147
00029166_000.png,Cardiomegaly,0,0.5024161338806152
00029166_000.png,Nodule,0,0.3321775197982788
00029166_000.png,Mass,0,0.5397605895996094
00029166_000.png,Hernia,1,0.9449604153633118
00029201_001.png,Atelectasis,0,0.13697271049022675
00029201_001.png,Consolidation,0,0.12174838036298752
00029201_001.png,Infiltration,0,0.35168540477752686
00029201_001.png,Pneumothorax,0,0.42064887285232544
00029201_001.png,Edema,0,0.0014697541482746601
00029201_001.png,Emphysema,0,0.5003330707550049
00029201_001.png,Fibrosis,0,0.5161048173904419
00029201_001.png,Effusion,0,0.039686862379312515
00029201_001.png,Pneumonia,0,0.031687427312135696
00029201_001.png,Pleural_Thickening,0,0.5068382024765015
00029201_001.png,Cardiomegaly,0,0.002688989043235779
00029201_001.png,Nodule,0,0.5092474222183228
00029201_001.png,Mass,0,0.5007909536361694
00029201_001.png,Hernia,0,0.007733058650046587
00029207_008.png,Atelectasis,0,0.506344735622406
00029207_008.png,Consolidation,0,0.5987050533294678
00029207_008.png,Infiltration,0,0.5918540954589844
00029207_008.png,Pneumothorax,0,0.509307861328125
00029207_008.png,Edema,0,0.13663266599178314
00029207_008.png,Emphysema,0,0.22422528266906738
00029207_008.png,Fibrosis,0,0.5085972547531128
00029207_008.png,Effusion,0,0.5067273378372192
00029207_008.png,Pneumonia,0,0.22207702696323395
00029207_008.png,Pleural_Thickening,0,0.5554417967796326
00029207_008.png,Cardiomegaly,0,0.044747840613126755
00029207_008.png,Nodule,0,0.5244244337081909
00029207_008.png,Mass,1,0.6737536191940308
00029207_008.png,Hernia,0,0.017306474968791008
00029422_005.png,Atelectasis,0,0.4075772762298584
00029422_005.png,Consolidation,0,0.5247223377227783
00029422_005.png,Infiltration,0,0.5754772424697876
00029422_005.png,Pneumothorax,0,0.505283772945404
00029422_005.png,Edema,1,0.16180261969566345
00029422_005.png,Emphysema,0,0.4267091155052185
00029422_005.png,Fibrosis,0,0.5220959186553955
00029422_005.png,Effusion,0,0.5051639080047607
00029422_005.png,Pneumonia,0,0.1466565728187561
00029422_005.png,Pleural_Thickening,0,0.26856672763824463
00029422_005.png,Cardiomegaly,0,0.0588742196559906
00029422_005.png,Nodule,0,0.5866768956184387
00029422_005.png,Mass,0,0.570926308631897
00029422_005.png,Hernia,0,0.006112413015216589
00029422_006.png,Atelectasis,0,0.5181921720504761
00029422_006.png,Consolidation,0,0.5168460607528687
00029422_006.png,Infiltration,0,0.5882313251495361
00029422_006.png,Pneumothorax,0,0.5077282786369324
00029422_006.png,Edema,1,0.17197252810001373
00029422_006.png,Emphysema,0,0.3321772515773773
00029422_006.png,Fibrosis,0,0.5133938789367676
00029422_006.png,Effusion,0,0.2305961698293686
00029422_006.png,Pneumonia,0,0.5130048990249634
00029422_006.png,Pleural_Thickening,0,0.2442062348127365
00029422_006.png,Cardiomegaly,0,0.04773842170834541
00029422_006.png,Nodule,0,0.519370973110199
00029422_006.png,Mass,0,0.5291833877563477
00029422_006.png,Hernia,0,0.0026688738726079464
00029474_003.png,Atelectasis,0,0.5781354904174805
00029474_003.png,Consolidation,0,0.5171839594841003
00029474_003.png,Infiltration,1,0.6228334307670593
00029474_003.png,Pneumothorax,0,0.3147314488887787
00029474_003.png,Edema,0,0.32624348998069763
00029474_003.png,Emphysema,0,0.5003551244735718
00029474_003.png,Fibrosis,0,0.5501844882965088
00029474_003.png,Effusion,0,0.3759803771972656
00029474_003.png,Pneumonia,1,0.5314404964447021
00029474_003.png,Pleural_Thickening,0,0.505535364151001
00029474_003.png,Cardiomegaly,0,0.5087984204292297
00029474_003.png,Nodule,0,0.5477309226989746
00029474_003.png,Mass,0,0.5617886781692505
00029474_003.png,Hernia,0,0.12435541301965714
00029572_002.png,Atelectasis,0,0.2989702522754669
00029572_002.png,Consolidation,0,0.5032086372375488
00029572_002.png,Infiltration,0,0.5707488059997559
00029572_002.png,Pneumothorax,0,0.5111675262451172
00029572_002.png,Edema,0,0.5098738670349121
00029572_002.png,Emphysema,0,0.3755265176296234
00029572_002.png,Fibrosis,0,0.44969502091407776
00029572_002.png,Effusion,0,0.4385856091976166
00029572_002.png,Pneumonia,0,0.2085760533809662
00029572_002.png,Pleural_Thickening,0,0.15970031917095184
00029572_002.png,Cardiomegaly,1,0.6113802194595337
00029572_002.png,Nodule,0,0.5002645254135132
00029572_002.png,Mass,0,0.5018121004104614
00029572_002.png,Hernia,0,0.0033068859484046698
00029610_000.png,Atelectasis,0,0.014264433644711971
00029610_000.png,Consolidation,0,0.04143965244293213
00029610_000.png,Infiltration,0,0.5618199110031128
00029610_000.png,Pneumothorax,0,0.023225920274853706
00029610_000.png,Edema,0,0.010299270041286945
00029610_000.png,Emphysema,0,0.004716207273304462
00029610_000.png,Fibrosis,0,0.015166155993938446
00029610_000.png,Effusion,0,0.009173532016575336
00029610_000.png,Pneumonia,0,0.004031846299767494
00029610_000.png,Pleural_Thickening,0,0.011995823122560978
00029610_000.png,Cardiomegaly,0,0.108110211789608
00029610_000.png,Nodule,0,0.13379262387752533
00029610_000.png,Mass,0,0.025466522201895714
00029610_000.png,Hernia,0,0.00013265677262097597
00029655_000.png,Atelectasis,0,0.09617616981267929
00029655_000.png,Consolidation,0,0.16353414952754974
00029655_000.png,Infiltration,0,0.529541015625
00029655_000.png,Pneumothorax,0,0.15042170882225037
00029655_000.png,Edema,0,0.18554995954036713
00029655_000.png,Emphysema,0,0.2064490020275116
00029655_000.png,Fibrosis,0,0.14069081842899323
00029655_000.png,Effusion,0,0.10073000937700272
00029655_000.png,Pneumonia,0,0.007134576328098774
00029655_000.png,Pleural_Thickening,0,0.092010498046875
00029655_000.png,Cardiomegaly,0,0.5149214267730713
00029655_000.png,Nodule,0,0.2104358673095703
00029655_000.png,Mass,0,0.15592002868652344
00029655_000.png,Hernia,0,0.02508460357785225
00029670_006.png,Atelectasis,0,0.09293336421251297
00029670_006.png,Consolidation,0,0.6422405242919922
00029670_006.png,Infiltration,1,0.801921546459198
00029670_006.png,Pneumothorax,0,0.5041568279266357
00029670_006.png,Edema,1,0.5395457148551941
00029670_006.png,Emphysema,0,0.19274665415287018
00029670_006.png,Fibrosis,0,0.5050177574157715
00029670_006.png,Effusion,0,0.39235764741897583
00029670_006.png,Pneumonia,0,0.9478312730789185
00029670_006.png,Pleural_Thickening,0,0.1055566594004631
00029670_006.png,Cardiomegaly,0,0.03911720588803291
00029670_006.png,Nodule,0,0.5277136564254761
00029670_006.png,Mass,0,0.5233476161956787
00029670_006.png,Hernia,0,0.00020119517284911126
00029724_000.png,Atelectasis,0,0.0032646667677909136
00029724_000.png,Consolidation,0,0.028301915153861046
00029724_000.png,Infiltration,0,0.40822842717170715
00029724_000.png,Pneumothorax,0,0.05491166561841965
00029724_000.png,Edema,0,0.00031502594356425107
00029724_000.png,Emphysema,0,0.05233744904398918
00029724_000.png,Fibrosis,0,0.29632890224456787
00029724_000.png,Effusion,0,0.003503945656120777
00029724_000.png,Pneumonia,0,0.0007745292386971414
00029724_000.png,Pleural_Thickening,0,0.16237279772758484
00029724_000.png,Cardiomegaly,0,0.0008452566107735038
00029724_000.png,Nodule,0,0.21311093866825104
00029724_000.png,Mass,0,0.03146423026919365
00029724_000.png,Hernia,0,0.004887091927230358
00029825_001.png,Atelectasis,0,0.33642077445983887
00029825_001.png,Consolidation,0,0.5098382234573364
00029825_001.png,Infiltration,0,0.5529228448867798
00029825_001.png,Pneumothorax,0,0.5058085322380066
00029825_001.png,Edema,0,0.5456584095954895
00029825_001.png,Emphysema,0,0.5009161829948425
00029825_001.png,Fibrosis,0,0.504063606262207
00029825_001.png,Effusion,0,0.10716083645820618
00029825_001.png,Pneumonia,0,0.6994971036911011
00029825_001.png,Pleural_Thickening,0,0.2771296799182892
00029825_001.png,Cardiomegaly,1,0.5026629567146301
00029825_001.png,Nodule,0,0.5493592023849487
00029825_001.png,Mass,0,0.5208966732025146
00029825_001.png,Hernia,0,0.0019363232422620058
00029943_026.png,Atelectasis,0,0.5025902986526489
00029943_026.png,Consolidation,0,0.5452024936676025
00029943_026.png,Infiltration,1,0.5635020732879639
00029943_026.png,Pneumothorax,0,0.5436444878578186
00029943_026.png,Edema,0,0.5149227380752563
00029943_026.png,Emphysema,0,0.5091487169265747
00029943_026.png,Fibrosis,0,0.5020307898521423
00029943_026.png,Effusion,1,0.45251235365867615
00029943_026.png,Pneumonia,0,0.5509580373764038
00029943_026.png,Pleural_Thickening,0,0.27355238795280457
00029943_026.png,Cardiomegaly,0,0.1064959242939949
00029943_026.png,Nodule,0,0.5045271515846252
00029943_026.png,Mass,1,0.5170896053314209
00029943_026.png,Hernia,0,0.01239167619496584
00029943_027.png,Atelectasis,0,0.4701329171657562
00029943_027.png,Consolidation,0,0.5342785120010376
00029943_027.png,Infiltration,1,0.5840413570404053
00029943_027.png,Pneumothorax,0,0.5224752426147461
00029943_027.png,Edema,0,0.5118874907493591
00029943_027.png,Emphysema,0,0.5080558061599731
00029943_027.png,Fibrosis,0,0.4538506865501404
00029943_027.png,Effusion,1,0.45033255219459534
00029943_027.png,Pneumonia,0,0.6781551837921143
00029943_027.png,Pleural_Thickening,0,0.21580730378627777
00029943_027.png,Cardiomegaly,0,0.04853290691971779
00029943_027.png,Nodule,0,0.5037033557891846
00029943_027.png,Mass,1,0.525393009185791
00029943_027.png,Hernia,0,0.020462078973650932
